year,1th,2th,3th,4th,5th,6th,7th,8th,9th,10th,11th,12th,13th,14th,15th,16th,17th,18th,19th,20th,21th,22th,23th,24th,25th,26th,27th,28th,29th,30th,31th,32th,33th,34th,35th,36th,37th,38th,39th,40th,41th,42th,43th,44th,45th,46th,47th,48th,49th,50th,51th,52th,53th,54th,55th,56th,57th,58th,59th,60th,61th,62th,63th,64th,65th,66th,67th,68th,69th,70th,71th,72th,73th,74th,75th,76th,77th,78th,79th,80th,81th,82th,83th,84th,85th,86th,87th,88th,89th,90th,91th,92th,93th,94th,95th,96th,97th,98th,99th,100th,101th,102th,103th,104th,105th,106th,107th,108th
1950,"642.0, 9.0","786.0, 6.0","686.0, 4.0","704.0, 3.0","627.0, 2.0","619.0, 0.0","787.0, 0.0","741.0, 0.0","784.0, 0.0","788.0, 0.0","778.0, 0.0","660.0, 0.0","579.0, 0.0","776.0, 0.0","669.0, 0.0","747.0, 0.0","785.0, 0.0","640.0, 0.0","589.0, 0.0","789.0, 0.0","666.0, 0.0","661.0, 0.0","790.0, 0.0","785.0, 0.0","427.0, 0.0","762.0, 0.0","789.0, 0.0","501.0, 0.0","666.0, 0.0","661.0, 0.0","687.0, 0.0","790.0, 0.0","792.0, 0.0","520.0, 0.0","653.0, 0.0","732.0, 0.0","771.0, 0.0","677.0, 0.0","659.0, 0.0","796.0, 0.0","797.0, 0.0","509.0, 0.0","633.0, 0.0","498.0, 0.0","776.0, 0.0","626.0, 0.0","640.0, 0.0","747.0, 0.0","785.0, 0.0","427.0, 0.0","762.0, 0.0","789.0, 0.0","501.0, 0.0","666.0, 0.0","661.0, 0.0","687.0, 0.0","790.0, 0.0","792.0, 0.0","729.0, 0.0","803.0, 0.0","798.0, 0.0","615.0, 0.0","799.0, 0.0","611.0, 0.0","537.0, 0.0","630.0, 0.0","731.0, 0.0","537.0, 0.0","630.0, 0.0","731.0, 0.0","630.0, 0.0","731.0, 0.0","731.0, 0.0","803.0, 0.0","798.0, 0.0","615.0, 0.0","799.0, 0.0","611.0, 0.0","537.0, 0.0","630.0, 0.0","731.0, 0.0",,,,,,,,,,,,,,,,,,,,,,,,,,,
1951,"579.0, 9.0","641.0, 6.0","642.0, 4.0","763.0, 3.0","640.0, 2.0","647.0, 0.0","589.0, 0.0","475.0, 0.0","627.0, 0.0","741.0, 0.0","723.0, 0.0","501.0, 0.0","660.0, 0.0","764.0, 0.0","687.0, 0.0","765.0, 0.0","725.0, 0.0","704.0, 0.0","633.0, 0.0","498.0, 0.0","721.0, 0.0","660.0, 0.0","764.0, 0.0","529.0, 0.0","699.0, 0.0","534.0, 0.0","611.0, 0.0","729.0, 0.0","768.0, 0.0","654.0, 0.0","687.0, 0.0","653.0, 0.0","765.0, 0.0","725.0, 0.0","615.0, 0.0","704.0, 0.0","700.0, 0.0","769.0, 0.0","633.0, 0.0","498.0, 0.0","521.0, 0.0","721.0, 0.0","593.0, 0.0","770.0, 0.0","526.0, 0.0","630.0, 0.0","733.0, 0.0","771.0, 0.0","449.0, 0.0","629.0, 0.0","657.0, 0.0","726.0, 0.0","772.0, 0.0","732.0, 0.0","728.0, 0.0","732.0, 0.0","728.0, 0.0","771.0, 0.0","449.0, 0.0","629.0, 0.0","657.0, 0.0","726.0, 0.0","772.0, 0.0","732.0, 0.0","728.0, 0.0","733.0, 0.0","771.0, 0.0","449.0, 0.0","629.0, 0.0","657.0, 0.0","726.0, 0.0","772.0, 0.0","732.0, 0.0","728.0, 0.0","772.0, 0.0","732.0, 0.0","728.0, 0.0","772.0, 0.0","732.0, 0.0","728.0, 0.0","726.0, 0.0","772.0, 0.0","732.0, 0.0","728.0, 0.0",,,,,,,,,,,,,,,,,,,,,,,,
1952,"641.0, 9.0","723.0, 6.0","554.0, 4.0","663.0, 3.0","689.0, 2.0","640.0, 0.0","721.0, 0.0","688.0, 0.0","669.0, 0.0","642.0, 0.0","609.0, 0.0","501.0, 0.0","475.0, 0.0","651.0, 0.0","626.0, 0.0","581.0, 0.0","725.0, 0.0","717.0, 0.0","724.0, 0.0","627.0, 0.0","720.0, 0.0","728.0, 0.0","729.0, 0.0","730.0, 0.0","513.0, 0.0","521.0, 0.0","731.0, 0.0","675.0, 0.0","732.0, 0.0","669.0, 0.0","642.0, 0.0","609.0, 0.0","501.0, 0.0","475.0, 0.0","651.0, 0.0","626.0, 0.0","581.0, 0.0","725.0, 0.0","717.0, 0.0","724.0, 0.0","627.0, 0.0","720.0, 0.0","677.0, 0.0","449.0, 0.0","529.0, 0.0","699.0, 0.0","628.0, 0.0","615.0, 0.0","520.0, 0.0","702.0, 0.0","733.0, 0.0","647.0, 0.0","734.0, 0.0","612.0, 0.0","529.0, 0.0","699.0, 0.0","628.0, 0.0","615.0, 0.0","520.0, 0.0","702.0, 0.0","733.0, 0.0","734.0, 0.0","612.0, 0.0","615.0, 0.0","520.0, 0.0","702.0, 0.0","733.0, 0.0","734.0, 0.0","612.0, 0.0","529.0, 0.0","708.0, 0.0","699.0, 0.0","628.0, 0.0","615.0, 0.0","520.0, 0.0","747.0, 0.0","702.0, 0.0","733.0, 0.0","748.0, 0.0","749.0, 0.0","734.0, 0.0","612.0, 0.0","708.0, 0.0","756.0, 0.0","697.0, 0.0","699.0, 0.0","628.0, 0.0","615.0, 0.0","692.0, 0.0","520.0, 0.0","747.0, 0.0","757.0, 0.0","702.0, 0.0","733.0, 0.0","734.0, 0.0","612.0, 0.0","702.0, 0.0","733.0, 0.0","734.0, 0.0","612.0, 0.0","702.0, 0.0","733.0, 0.0","734.0, 0.0","612.0, 0.0","760.0, 0.0",,,
1953,"647.0, 9.0","633.0, 6.0","498.0, 4.0","578.0, 3.0","695.0, 2.0","554.0, 0.0","501.0, 0.0","427.0, 0.0","696.0, 0.0","689.0, 0.0","626.0, 0.0","579.0, 0.0","697.0, 0.0","642.0, 0.0","496.0, 0.0","649.0, 0.0","698.0, 0.0","427.0, 0.0","696.0, 0.0","679.0, 0.0","521.0, 0.0","520.0, 0.0","529.0, 0.0","689.0, 0.0","653.0, 0.0","699.0, 0.0","702.0, 0.0","700.0, 0.0","675.0, 0.0","525.0, 0.0","701.0, 0.0","612.0, 0.0","630.0, 0.0","449.0, 0.0","654.0, 0.0","804.0, 0.0","626.0, 0.0","579.0, 0.0","697.0, 0.0","642.0, 0.0","496.0, 0.0","649.0, 0.0","698.0, 0.0","613.0, 0.0","512.0, 0.0","797.0, 0.0","677.0, 0.0","628.0, 0.0","673.0, 0.0","559.0, 0.0","659.0, 0.0","593.0, 0.0","528.0, 0.0","655.0, 0.0","797.0, 0.0","651.0, 0.0","677.0, 0.0","628.0, 0.0","673.0, 0.0","559.0, 0.0","659.0, 0.0","593.0, 0.0","528.0, 0.0","655.0, 0.0","673.0, 0.0","559.0, 0.0","659.0, 0.0","593.0, 0.0","528.0, 0.0","655.0, 0.0","559.0, 0.0","659.0, 0.0","593.0, 0.0","528.0, 0.0","655.0, 0.0","707.0, 0.0","659.0, 0.0","708.0, 0.0","593.0, 0.0","705.0, 0.0","528.0, 0.0","655.0, 0.0","559.0, 0.0","711.0, 0.0","707.0, 0.0","712.0, 0.0","659.0, 0.0","708.0, 0.0","593.0, 0.0","705.0, 0.0","713.0, 0.0","528.0, 0.0","714.0, 0.0","715.0, 0.0","655.0, 0.0","716.0, 0.0","717.0, 0.0","718.0, 0.0","715.0, 0.0","655.0, 0.0","716.0, 0.0","717.0, 0.0","718.0, 0.0","667.0, 0.0","715.0, 0.0","655.0, 0.0","716.0, 0.0","718.0, 0.0"
1954,"579.0, 8.0","642.0, 6.0","498.0, 5.0","427.0, 3.0","625.0, 2.0","501.0, 0.0","669.0, 0.0","640.0, 0.0","620.0, 0.0","670.0, 0.0","643.0, 0.0","671.0, 0.0","672.0, 0.0","627.0, 0.0","577.0, 0.0","496.0, 0.0","640.0, 0.0","555.0, 0.0","674.0, 0.0","620.0, 0.0","655.0, 0.0","653.0, 0.0","611.0, 0.0","612.0, 0.0","593.0, 0.0","656.0, 0.0","654.0, 0.0","521.0, 0.0","675.0, 0.0","628.0, 0.0","613.0, 0.0","529.0, 0.0","799.0, 0.0","679.0, 0.0","592.0, 0.0","702.0, 0.0","596.0, 0.0","730.0, 0.0","676.0, 0.0","520.0, 0.0","670.0, 0.0","643.0, 0.0","671.0, 0.0","672.0, 0.0","627.0, 0.0","577.0, 0.0","496.0, 0.0","509.0, 0.0","597.0, 0.0","513.0, 0.0","449.0, 0.0","556.0, 0.0","512.0, 0.0","559.0, 0.0","805.0, 0.0","677.0, 0.0","678.0, 0.0","519.0, 0.0","556.0, 0.0","512.0, 0.0","559.0, 0.0","805.0, 0.0","677.0, 0.0","678.0, 0.0","519.0, 0.0","597.0, 0.0","513.0, 0.0","449.0, 0.0","556.0, 0.0","512.0, 0.0","559.0, 0.0","805.0, 0.0","677.0, 0.0","678.0, 0.0","519.0, 0.0","449.0, 0.0","686.0, 0.0","556.0, 0.0","512.0, 0.0","645.0, 0.0","581.0, 0.0","559.0, 0.0","687.0, 0.0","688.0, 0.0","805.0, 0.0","677.0, 0.0","689.0, 0.0","678.0, 0.0","690.0, 0.0","519.0, 0.0","678.0, 0.0","690.0, 0.0","519.0, 0.0","519.0, 0.0","519.0, 0.0","690.0, 0.0","519.0, 0.0",,,,,,,,,,,
1955,"579.0, 9.0","427.0, 3.33","642.0, 3.33","498.0, 2.0","643.0, 2.0","620.0, 1.33","475.0, 1.0","648.0, 1.0","478.0, 1.0","501.0, 0.0","554.0, 0.0","644.0, 0.0","577.0, 0.0","496.0, 0.0","645.0, 0.0","646.0, 0.0","633.0, 0.0","608.0, 0.0","623.0, 0.0","647.0, 0.0","625.0, 0.0","649.0, 0.0","646.0, 0.0","647.0, 0.0","625.0, 0.0","623.0, 0.0","626.0, 0.0","609.0, 0.0","578.0, 0.0","627.0, 0.0","649.0, 0.0","651.0, 0.0","652.0, 0.0","518.0, 0.0","563.0, 0.0","513.0, 0.0","509.0, 0.0","496.0, 0.0","645.0, 0.0","646.0, 0.0","647.0, 0.0","625.0, 0.0","623.0, 0.0","528.0, 0.0","626.0, 0.0","655.0, 0.0","656.0, 0.0","609.0, 0.0","578.0, 0.0","523.0, 0.0","611.0, 0.0","627.0, 0.0","631.0, 0.0","649.0, 0.0","651.0, 0.0","593.0, 0.0","532.0, 0.0","652.0, 0.0","561.0, 0.0","525.0, 0.0","658.0, 0.0","558.0, 0.0","449.0, 0.0","533.0, 0.0","596.0, 0.0","659.0, 0.0","615.0, 0.0","592.0, 0.0","592.0, 0.0","659.0, 0.0","615.0, 0.0","592.0, 0.0","486.0, 0.0","658.0, 0.0","558.0, 0.0","449.0, 0.0","533.0, 0.0","596.0, 0.0","659.0, 0.0","615.0, 0.0","592.0, 0.0","659.0, 0.0","615.0, 0.0","592.0, 0.0",,,,,,,,,,,,,,,,,,,,,,,,
1956,"554.0, 6.0","579.0, 5.0","577.0, 4.0","578.0, 4.0","482.0, 2.0","583.0, 1.5","622.0, 1.5","806.0, 0.0","623.0, 0.0","475.0, 0.0","581.0, 0.0","586.0, 0.0","496.0, 0.0","608.0, 0.0","498.0, 0.0","607.0, 0.0","547.0, 0.0","626.0, 0.0","586.0, 0.0","496.0, 0.0","627.0, 0.0","498.0, 0.0","427.0, 0.0","501.0, 0.0","483.0, 0.0","479.0, 0.0","589.0, 0.0","629.0, 0.0","520.0, 0.0","615.0, 0.0","516.0, 0.0","558.0, 0.0","513.0, 0.0","595.0, 0.0","630.0, 0.0","597.0, 0.0","525.0, 0.0","626.0, 0.0","586.0, 0.0","496.0, 0.0","627.0, 0.0","498.0, 0.0","427.0, 0.0","501.0, 0.0","483.0, 0.0","479.0, 0.0","589.0, 0.0","509.0, 0.0","594.0, 0.0","529.0, 0.0","596.0, 0.0","532.0, 0.0","556.0, 0.0","562.0, 0.0","631.0, 0.0","612.0, 0.0","538.0, 0.0","561.0, 0.0","533.0, 0.0","526.0, 0.0","512.0, 0.0","561.0, 0.0","533.0, 0.0","526.0, 0.0","512.0, 0.0","533.0, 0.0","526.0, 0.0","512.0, 0.0","562.0, 0.0","631.0, 0.0","356.0, 0.0","541.0, 0.0","612.0, 0.0","538.0, 0.0","561.0, 0.0","533.0, 0.0","526.0, 0.0","512.0, 0.0","526.0, 0.0","512.0, 0.0","538.0, 0.0","561.0, 0.0","533.0, 0.0","526.0, 0.0","512.0, 0.0",,,,,,,,,,,,,,,,,,,,,,,
1957,"579.0, 8.0","554.0, 6.0","496.0, 4.0","501.0, 3.0","606.0, 1.0","498.0, 1.0","475.0, 1.0","581.0, 0.0","607.0, 0.0","476.0, 0.0","347.0, 0.0","573.0, 0.0","586.0, 0.0","608.0, 0.0","578.0, 0.0","577.0, 0.0","573.0, 0.0","586.0, 0.0","578.0, 0.0","483.0, 0.0","541.0, 0.0","549.0, 0.0","608.0, 0.0","547.0, 0.0","577.0, 0.0","456.0, 0.0","478.0, 0.0","609.0, 0.0","610.0, 0.0","512.0, 0.0","516.0, 0.0","563.0, 0.0","529.0, 0.0","593.0, 0.0","528.0, 0.0","578.0, 0.0","483.0, 0.0","541.0, 0.0","549.0, 0.0","608.0, 0.0","547.0, 0.0","577.0, 0.0","456.0, 0.0","478.0, 0.0","592.0, 0.0","614.0, 0.0","609.0, 0.0","594.0, 0.0","538.0, 0.0","610.0, 0.0","615.0, 0.0","527.0, 0.0","565.0, 0.0","513.0, 0.0","560.0, 0.0","558.0, 0.0","556.0, 0.0","596.0, 0.0","449.0, 0.0","526.0, 0.0","532.0, 0.0","616.0, 0.0","532.0, 0.0","616.0, 0.0","532.0, 0.0","616.0, 0.0","513.0, 0.0","560.0, 0.0","558.0, 0.0","556.0, 0.0","596.0, 0.0","449.0, 0.0","526.0, 0.0","532.0, 0.0","616.0, 0.0","616.0, 0.0",,,,,,,,,,,,,,,,,,,,,,,,,,,,,,,,
1958,"475.0, 8.0","577.0, 6.0","578.0, 4.0","579.0, 4.0","554.0, 2.0","501.0, 0.0","496.0, 0.0","580.0, 0.0","547.0, 0.0","581.0, 0.0","496.0, 0.0","580.0, 0.0","547.0, 0.0","476.0, 0.0","347.0, 0.0","289.0, 0.0","456.0, 0.0","483.0, 0.0","479.0, 0.0","590.0, 0.0","541.0, 0.0","582.0, 0.0","583.0, 0.0","584.0, 0.0","585.0, 0.0","551.0, 0.0","553.0, 0.0","543.0, 0.0","586.0, 0.0","587.0, 0.0","588.0, 0.0","589.0, 0.0","588.0, 0.0","589.0, 0.0","479.0, 0.0","539.0, 0.0","531.0, 0.0","418.0, 0.0","541.0, 0.0","565.0, 0.0","582.0, 0.0","555.0, 0.0","583.0, 0.0","523.0, 0.0","584.0, 0.0","449.0, 0.0","585.0, 0.0","595.0, 0.0","551.0, 0.0","527.0, 0.0","553.0, 0.0","512.0, 0.0","543.0, 0.0","563.0, 0.0","586.0, 0.0","562.0, 0.0","514.0, 0.0","537.0, 0.0","587.0, 0.0","596.0, 0.0","597.0, 0.0","588.0, 0.0","589.0, 0.0","510.0, 0.0","598.0, 0.0","536.0, 0.0","599.0, 0.0","536.0, 0.0","599.0, 0.0","598.0, 0.0","536.0, 0.0","599.0, 0.0","510.0, 0.0","598.0, 0.0","536.0, 0.0","599.0, 0.0","597.0, 0.0","588.0, 0.0","589.0, 0.0","510.0, 0.0","598.0, 0.0","536.0, 0.0","599.0, 0.0","510.0, 0.0","598.0, 0.0","536.0, 0.0","599.0, 0.0",,,,,,,,,,,,,,,,,,,,,
1959,"356.0, 9.0","479.0, 6.0","427.0, 4.0","403.0, 3.0","360.0, 2.0","456.0, 0.0","475.0, 0.0","541.0, 0.0","501.0, 0.0","347.0, 0.0","554.0, 0.0","289.0, 0.0","418.0, 0.0","476.0, 0.0","477.0, 0.0","506.0, 0.0","549.0, 0.0","483.0, 0.0","550.0, 0.0","376.0, 0.0","551.0, 0.0","353.0, 0.0","552.0, 0.0","553.0, 0.0","501.0, 0.0","347.0, 0.0","554.0, 0.0","289.0, 0.0","418.0, 0.0","476.0, 0.0","477.0, 0.0","506.0, 0.0","549.0, 0.0","527.0, 0.0","558.0, 0.0","483.0, 0.0","550.0, 0.0","559.0, 0.0","376.0, 0.0","537.0, 0.0","560.0, 0.0","551.0, 0.0","528.0, 0.0","353.0, 0.0","561.0, 0.0","552.0, 0.0","511.0, 0.0","553.0, 0.0","516.0, 0.0","522.0, 0.0","562.0, 0.0","563.0, 0.0","564.0, 0.0","565.0, 0.0","517.0, 0.0","536.0, 0.0","525.0, 0.0","517.0, 0.0","536.0, 0.0","525.0, 0.0","563.0, 0.0","564.0, 0.0","565.0, 0.0","517.0, 0.0","536.0, 0.0","525.0, 0.0","516.0, 0.0","465.0, 0.0","522.0, 0.0","570.0, 0.0","387.0, 0.0","562.0, 0.0","571.0, 0.0","563.0, 0.0","564.0, 0.0","401.0, 0.0","565.0, 0.0","441.0, 0.0","517.0, 0.0","536.0, 0.0","525.0, 0.0","525.0, 0.0","525.0, 0.0","565.0, 0.0","441.0, 0.0","517.0, 0.0","536.0, 0.0","525.0, 0.0",,,,,,,,,,,,,,,,,,,,
1960,"360.0, 8.0","477.0, 6.0","496.0, 3.0","476.0, 2.0","404.0, 1.0","475.0, 0.0","427.0, 0.0","347.0, 0.0","403.0, 0.0","497.0, 0.0","498.0, 0.0","499.0, 0.0","418.0, 0.0","500.0, 0.0","439.0, 0.0","501.0, 0.0","356.0, 0.0","289.0, 0.0","502.0, 0.0","503.0, 0.0","504.0, 0.0","483.0, 0.0","501.0, 0.0","341.0, 0.0","356.0, 0.0","506.0, 0.0","484.0, 0.0","503.0, 0.0","504.0, 0.0","507.0, 0.0","483.0, 0.0","508.0, 0.0","437.0, 0.0","522.0, 0.0","523.0, 0.0","524.0, 0.0","525.0, 0.0","526.0, 0.0","527.0, 0.0","528.0, 0.0","529.0, 0.0","530.0, 0.0","531.0, 0.0","532.0, 0.0","533.0, 0.0","534.0, 0.0","535.0, 0.0","536.0, 0.0","537.0, 0.0","538.0, 0.0","539.0, 0.0","364.0, 0.0","456.0, 0.0","502.0, 0.0","505.0, 0.0","501.0, 0.0","341.0, 0.0","356.0, 0.0","506.0, 0.0","484.0, 0.0","503.0, 0.0","504.0, 0.0","507.0, 0.0","483.0, 0.0","508.0, 0.0","437.0, 0.0","504.0, 0.0","483.0, 0.0","437.0, 0.0","503.0, 0.0","504.0, 0.0","483.0, 0.0","437.0, 0.0","483.0, 0.0","542.0, 0.0","486.0, 0.0","465.0, 0.0","465.0, 0.0","501.0, 0.0","398.0, 0.0","546.0, 0.0","508.0, 0.0","547.0, 0.0","540.0, 0.0","503.0, 0.0","504.0, 0.0","486.0, 0.0","465.0, 0.0","504.0, 0.0","486.0, 0.0","465.0, 0.0",,,,,,,,,,,,,,,,,
1961,"475.0, 9.0","386.0, 6.0","403.0, 4.0","476.0, 3.0","364.0, 2.0","360.0, 1.0","427.0, 0.0","477.0, 0.0","478.0, 0.0","373.0, 0.0","341.0, 0.0","347.0, 0.0","479.0, 0.0","480.0, 0.0","356.0, 0.0","289.0, 0.0","404.0, 0.0","481.0, 0.0","418.0, 0.0","376.0, 0.0","482.0, 0.0","481.0, 0.0","376.0, 0.0","482.0, 0.0","481.0, 0.0","376.0, 0.0","435.0, 0.0","459.0, 0.0","455.0, 0.0","483.0, 0.0","459.0, 0.0","455.0, 0.0","428.0, 0.0","485.0, 0.0","484.0, 0.0","441.0, 0.0","460.0, 0.0","485.0, 0.0","487.0, 0.0","484.0, 0.0","487.0, 0.0","484.0, 0.0","489.0, 0.0","490.0, 0.0","436.0, 0.0","424.0, 0.0","487.0, 0.0","488.0, 0.0","444.0, 0.0","490.0, 0.0","436.0, 0.0","429.0, 0.0","491.0, 0.0","467.0, 0.0","492.0, 0.0","444.0, 0.0","490.0, 0.0","436.0, 0.0","429.0, 0.0","491.0, 0.0","467.0, 0.0","492.0, 0.0",,,,,,,,,,,,,,,,,,,,,,,,,,,,,,,,,,,,,,,,,,,,,,
1962,"289.0, 9.0","401.0, 6.0","403.0, 4.0","394.0, 3.0","408.0, 2.0","430.0, 1.0","347.0, 0.0","453.0, 0.0","373.0, 0.0","454.0, 0.0","386.0, 0.0","404.0, 0.0","418.0, 0.0","455.0, 0.0","364.0, 0.0","360.0, 0.0","456.0, 0.0","341.0, 0.0","356.0, 0.0","457.0, 0.0","458.0, 0.0","427.0, 0.0","346.0, 0.0","457.0, 0.0","458.0, 0.0","425.0, 0.0","424.0, 0.0","459.0, 0.0","425.0, 0.0","460.0, 0.0","424.0, 0.0","461.0, 0.0","437.0, 0.0","460.0, 0.0","424.0, 0.0","461.0, 0.0","465.0, 0.0","460.0, 0.0","424.0, 0.0","461.0, 0.0","461.0, 0.0","428.0, 0.0","445.0, 0.0","444.0, 0.0","439.0, 0.0","445.0, 0.0","442.0, 0.0","467.0, 0.0","444.0, 0.0","439.0, 0.0","445.0, 0.0","442.0, 0.0","460.0, 0.0","424.0, 0.0","461.0, 0.0","428.0, 0.0","467.0, 0.0","444.0, 0.0","439.0, 0.0","445.0, 0.0","442.0, 0.0",,,,,,,,,,,,,,,,,,,,,,,,,,,,,,,,,,,,,,,,,,,,,,,
1963,"289.0, 9.0","386.0, 6.0","360.0, 4.0","341.0, 3.0","408.0, 2.0","401.0, 1.0","347.0, 0.0","373.0, 0.0","356.0, 0.0","404.0, 0.0","435.0, 0.0","427.0, 0.0","364.0, 0.0","440.0, 0.0","346.0, 0.0","278.0, 0.0","428.0, 0.0","403.0, 0.0","394.0, 0.0","436.0, 0.0","437.0, 0.0","438.0, 0.0","439.0, 0.0","385.0, 0.0","430.0, 0.0","375.0, 0.0","385.0, 0.0","439.0, 0.0","439.0, 0.0","439.0, 0.0","423.0, 0.0","397.0, 0.0","439.0, 0.0","439.0, 0.0","429.0, 0.0","441.0, 0.0","442.0, 0.0","443.0, 0.0","442.0, 0.0","444.0, 0.0","445.0, 0.0","446.0, 0.0","447.0, 0.0","443.0, 0.0","442.0, 0.0","444.0, 0.0","445.0, 0.0","446.0, 0.0","447.0, 0.0","445.0, 0.0","446.0, 0.0","447.0, 0.0","429.0, 0.0","450.0, 0.0","452.0, 0.0","441.0, 0.0","443.0, 0.0","442.0, 0.0","444.0, 0.0","445.0, 0.0","446.0, 0.0","447.0, 0.0",,,,,,,,,,,,,,,,,,,,,,,,,,,,,,,,,,,,,,,,,,,,,,
1964,"289.0, 9.0","386.0, 6.0","397.0, 4.0","373.0, 3.0","347.0, 2.0","305.0, 1.0","383.0, 0.0","346.0, 0.0","403.0, 0.0","385.0, 0.0","364.0, 0.0","427.0, 0.0","356.0, 0.0","360.0, 0.0","341.0, 0.0","401.0, 0.0","278.0, 0.0","309.0, 0.0","428.0, 0.0","404.0, 0.0","429.0, 0.0","394.0, 0.0","408.0, 0.0","429.0, 0.0","430.0, 0.0","420.0, 0.0","428.0, 0.0","380.0, 0.0","370.0, 0.0","428.0, 0.0","380.0, 0.0","370.0, 0.0","370.0, 0.0","402.0, 0.0","380.0, 0.0","340.0, 0.0","370.0, 0.0","340.0, 0.0","370.0, 0.0","340.0, 0.0","370.0, 0.0",,,,,,,,,,,,,,,,,,,,,,,,,,,,,,,,,,,,,,,,,,,,,,,,,,,,,,,,,,,,,,,,,,,
1965,"373.0, 9.0","341.0, 6.0","289.0, 4.0","374.0, 3.0","360.0, 2.0","328.0, 1.0","346.0, 0.0","356.0, 0.0","406.0, 0.0","362.0, 0.0","408.0, 0.0","380.0, 0.0","368.0, 0.0","407.0, 0.0","385.0, 0.0","383.0, 0.0","347.0, 0.0","358.0, 0.0","340.0, 0.0","364.0, 0.0","409.0, 0.0","410.0, 0.0","411.0, 0.0","412.0, 0.0","413.0, 0.0","414.0, 0.0","334.0, 0.0","293.0, 0.0","415.0, 0.0","416.0, 0.0","417.0, 0.0","334.0, 0.0","293.0, 0.0","415.0, 0.0","416.0, 0.0","417.0, 0.0","415.0, 0.0","416.0, 0.0","417.0, 0.0","417.0, 0.0","293.0, 0.0","415.0, 0.0","416.0, 0.0","417.0, 0.0","416.0, 0.0","417.0, 0.0","293.0, 0.0","415.0, 0.0","416.0, 0.0","417.0, 0.0","415.0, 0.0","416.0, 0.0","417.0, 0.0","417.0, 0.0",,,,,,,,,,,,,,,,,,,,,,,,,,,,,,,,,,,,,,,,,,,,,,,,,,,,,,
1966,"328.0, 9.0","385.0, 6.0","289.0, 4.0","396.0, 3.0","386.0, 0.0","389.0, 0.0","347.0, 0.0","373.0, 0.0","358.0, 0.0","346.0, 0.0","374.0, 0.0","356.0, 0.0","341.0, 0.0","304.0, 0.0","360.0, 0.0","383.0, 0.0","383.0, 0.0","397.0, 0.0","398.0, 0.0","345.0, 0.0","360.0, 0.0","397.0, 0.0","398.0, 0.0","397.0, 0.0","398.0, 0.0","401.0, 0.0","401.0, 0.0","398.0, 0.0","401.0, 0.0","403.0, 0.0","401.0, 0.0","403.0, 0.0","403.0, 0.0",,,,,,,,,,,,,,,,,,,,,,,,,,,,,,,,,,,,,,,,,,,,,,,,,,,,,,,,,,,,,,,,,,,,,,,,,,,
1967,"345.0, 9.0","340.0, 6.0","341.0, 4.0","304.0, 3.0","383.0, 2.0","356.0, 1.0","293.0, 0.0","384.0, 0.0","368.0, 0.0","361.0, 0.0","364.0, 0.0","346.0, 0.0","358.0, 0.0","374.0, 0.0","347.0, 0.0","373.0, 0.0","289.0, 0.0","328.0, 0.0","328.0, 0.0","358.0, 0.0","347.0, 0.0","359.0, 0.0","306.0, 0.0","386.0, 0.0","359.0, 0.0","306.0, 0.0","386.0, 0.0","386.0, 0.0","359.0, 0.0","306.0, 0.0","386.0, 0.0","359.0, 0.0","365.0, 0.0","306.0, 0.0","386.0, 0.0","379.0, 0.0","377.0, 0.0","393.0, 0.0","386.0, 0.0","379.0, 0.0","377.0, 0.0","377.0, 0.0","377.0, 0.0","377.0, 0.0",,,,,,,,,,,,,,,,,,,,,,,,,,,,,,,,,,,,,,,,,,,,,,,,,,,,,,,,,,,,,,,,
1968,"373.0, 9.0","289.0, 6.0","358.0, 4.0","278.0, 3.0","304.0, 2.0","306.0, 1.0","346.0, 0.0","341.0, 0.0","340.0, 0.0","334.0, 0.0","364.0, 0.0","235.0, 0.0","347.0, 0.0","328.0, 0.0","368.0, 0.0","369.0, 0.0","345.0, 0.0","356.0, 0.0","333.0, 0.0","374.0, 0.0","312.0, 0.0","293.0, 0.0","375.0, 0.0","374.0, 0.0","293.0, 0.0","369.0, 0.0","351.0, 0.0","333.0, 0.0","374.0, 0.0","293.0, 0.0","374.0, 0.0","293.0, 0.0","293.0, 0.0","374.0, 0.0","293.0, 0.0","374.0, 0.0","380.0, 0.0","293.0, 0.0","380.0, 0.0","293.0, 0.0","380.0, 0.0","293.0, 0.0","293.0, 0.0",,,,,,,,,,,,,,,,,,,,,,,,,,,,,,,,,,,,,,,,,,,,,,,,,,,,,,,,,,,,,,,,,
1969,"328.0, 9.0","289.0, 6.0","304.0, 4.0","346.0, 3.0","360.0, 2.0","306.0, 1.0","262.0, 0.0","368.0, 0.0","362.0, 0.0","358.0, 0.0","341.0, 0.0","345.0, 0.0","278.0, 0.0","356.0, 0.0","207.0, 0.0","340.0, 0.0","235.0, 0.0","369.0, 0.0","369.0, 0.0","207.0, 0.0","340.0, 0.0","369.0, 0.0","369.0, 0.0","340.0, 0.0","369.0, 0.0","321.0, 0.0","340.0, 0.0","372.0, 0.0","369.0, 0.0","369.0, 0.0",,,,,,,,,,,,,,,,,,,,,,,,,,,,,,,,,,,,,,,,,,,,,,,,,,,,,,,,,,,,,,,,,,,,,,,,,,,,,,
1970,"356.0, 9.0","304.0, 6.0","328.0, 4.0","306.0, 3.0","357.0, 2.0","289.0, 1.0","280.0, 0.0","340.0, 0.0","345.0, 0.0","346.0, 0.0","362.0, 0.0","293.0, 0.0","358.0, 0.0","235.0, 0.0","341.0, 0.0","352.0, 0.0","359.0, 0.0","360.0, 0.0","361.0, 0.0","207.0, 0.0","243.0, 0.0","262.0, 0.0","278.0, 0.0","333.0, 0.0","339.0, 0.0","339.0, 0.0","321.0, 0.0","339.0, 0.0","321.0, 0.0","320.0, 0.0","364.0, 0.0","339.0, 0.0","353.0, 0.0","351.0, 0.0","339.0, 0.0","312.0, 0.0","365.0, 0.0","365.0, 0.0","365.0, 0.0","330.0, 0.0","365.0, 0.0","367.0, 0.0","330.0, 0.0",,,,,,,,,,,,,,,,,,,,,,,,,,,,,,,,,,,,,,,,,,,,,,,,,,,,,,,,,,,,,,,,,
1971,"207.0, 9.0","328.0, 6.0","223.0, 4.0","317.0, 3.0","278.0, 2.0","304.0, 1.0","312.0, 0.0","235.0, 0.0","289.0, 0.0","238.0, 0.0","280.0, 0.0","243.0, 0.0","333.0, 0.0","224.0, 0.0","341.0, 0.0","327.0, 0.0","307.0, 0.0","345.0, 0.0","293.0, 0.0","346.0, 0.0","340.0, 0.0","334.0, 0.0","320.0, 0.0","347.0, 0.0","339.0, 0.0","334.0, 0.0","347.0, 0.0","347.0, 0.0","338.0, 0.0","347.0, 0.0","338.0, 0.0","347.0, 0.0","334.0, 0.0","338.0, 0.0","347.0, 0.0","262.0, 0.0","262.0, 0.0","334.0, 0.0","338.0, 0.0","351.0, 0.0","334.0, 0.0","338.0, 0.0","351.0, 0.0","334.0, 0.0","338.0, 0.0","354.0, 0.0","338.0, 0.0","354.0, 0.0","344.0, 0.0","309.0, 0.0",,,,,,,,,,,,,,,,,,,,,,,,,,,,,,,,,,,,,,,,,,,,,,,,,,,,,,,,,,
1972,"328.0, 9.0","304.0, 6.0","235.0, 4.0","223.0, 3.0","314.0, 2.0","238.0, 1.0","199.0, 0.0","280.0, 0.0","307.0, 0.0","337.0, 0.0","182.0, 0.0","224.0, 0.0","327.0, 0.0","317.0, 0.0","309.0, 0.0","207.0, 0.0","333.0, 0.0","289.0, 0.0","320.0, 0.0","339.0, 0.0","278.0, 0.0","317.0, 0.0","333.0, 0.0","320.0, 0.0","306.0, 0.0","339.0, 0.0","305.0, 0.0","293.0, 0.0","329.0, 0.0","293.0, 0.0","293.0, 0.0","293.0, 0.0","293.0, 0.0","339.0, 0.0","293.0, 0.0","321.0, 0.0","321.0, 0.0","321.0, 0.0","343.0, 0.0","321.0, 0.0","343.0, 0.0","321.0, 0.0",,,,,,,,,,,,,,,,,,,,,,,,,,,,,,,,,,,,,,,,,,,,,,,,,,,,,,,,,,,,,,,,,,
1973,"224.0, 9.0","327.0, 6.0","328.0, 4.0","235.0, 3.0","304.0, 2.0","290.0, 1.0","223.0, 0.0","309.0, 0.0","232.0, 0.0","329.0, 0.0","197.0, 0.0","306.0, 0.0","307.0, 0.0","238.0, 0.0","182.0, 0.0","199.0, 0.0","305.0, 0.0","250.0, 0.0","330.0, 0.0","305.0, 0.0","306.0, 0.0","250.0, 0.0","292.0, 0.0","305.0, 0.0","334.0, 0.0","262.0, 0.0","293.0, 0.0","262.0, 0.0","293.0, 0.0","293.0, 0.0","259.0, 0.0","293.0, 0.0","293.0, 0.0","293.0, 0.0","200.0, 0.0","293.0, 0.0","335.0, 0.0","336.0, 0.0","336.0, 0.0","336.0, 0.0","320.0, 0.0","336.0, 0.0",,,,,,,,,,,,,,,,,,,,,,,,,,,,,,,,,,,,,,,,,,,,,,,,,,,,,,,,,,,,,,,,,,
1974,"304.0, 9.0","182.0, 6.0","223.0, 4.0","305.0, 3.0","306.0, 2.0","221.0, 1.0","199.0, 0.0","307.0, 0.0","280.0, 0.0","224.0, 0.0","265.0, 0.0","187.0, 0.0","238.0, 0.0","289.0, 0.0","235.0, 0.0","308.0, 0.0","233.0, 0.0","296.0, 0.0","222.0, 0.0","250.0, 0.0","232.0, 0.0","231.0, 0.0","200.0, 0.0","309.0, 0.0","197.0, 0.0","200.0, 0.0","293.0, 0.0","197.0, 0.0","309.0, 0.0","310.0, 0.0","311.0, 0.0","278.0, 0.0","313.0, 0.0","310.0, 0.0","311.0, 0.0","278.0, 0.0","313.0, 0.0","310.0, 0.0","315.0, 0.0","311.0, 0.0","316.0, 0.0","315.0, 0.0","318.0, 0.0","219.0, 0.0","319.0, 0.0","259.0, 0.0","321.0, 0.0","319.0, 0.0","275.0, 0.0","300.0, 0.0","283.0, 0.0","256.0, 0.0","300.0, 0.0","283.0, 0.0","275.0, 0.0","256.0, 0.0","324.0, 0.0","300.0, 0.0","300.0, 0.0","275.0, 0.0","256.0, 0.0","300.0, 0.0",,,,,,,,,,,,,,,,,,,,,,,,,,,,,,,,,,,,,,,,,,,,,,
1975,"224.0, 9.0","231.0, 6.0","199.0, 4.0","223.0, 3.0","221.0, 2.0","182.0, 1.0","288.0, 0.0","235.0, 0.0","230.0, 0.0","289.0, 0.0","222.0, 0.0","252.0, 0.0","243.0, 0.0","200.0, 0.0","250.0, 0.0","232.0, 0.0","207.0, 0.0","283.0, 0.0","238.0, 0.0","172.0, 0.0","290.0, 0.0","197.0, 0.0","283.0, 0.0","276.0, 0.0","232.0, 0.0","197.0, 0.0","283.0, 0.0","251.0, 0.0","275.0, 0.0","232.0, 0.0","283.0, 0.0","251.0, 0.0","178.0, 0.0","297.0, 0.0","251.0, 0.0","267.0, 0.0","267.0, 0.0","299.0, 0.0","299.0, 0.0","283.0, 0.0","267.0, 0.0","233.0, 0.0","302.0, 0.0","299.0, 0.0","299.0, 0.0","270.0, 0.0","245.0, 0.0","299.0, 0.0","270.0, 0.0","245.0, 0.0","245.0, 0.0","245.0, 0.0",,,,,,,,,,,,,,,,,,,,,,,,,,,,,,,,,,,,,,,,,,,,,,,,,,,,,,,,
1976,"182.0, 9.0","221.0, 6.0","252.0, 4.0","233.0, 3.0","222.0, 2.0","200.0, 1.0","223.0, 0.0","235.0, 0.0","254.0, 0.0","250.0, 0.0","253.0, 0.0","199.0, 0.0","224.0, 0.0","275.0, 0.0","197.0, 0.0","231.0, 0.0","230.0, 0.0","172.0, 0.0","238.0, 0.0","207.0, 0.0","187.0, 0.0","270.0, 0.0","229.0, 0.0","197.0, 0.0","172.0, 0.0","238.0, 0.0","270.0, 0.0","255.0, 0.0","251.0, 0.0","232.0, 0.0","251.0, 0.0","251.0, 0.0","271.0, 0.0","279.0, 0.0","208.0, 0.0","208.0, 0.0","265.0, 0.0","265.0, 0.0","265.0, 0.0","282.0, 0.0","282.0, 0.0","283.0, 0.0","282.0, 0.0","283.0, 0.0","283.0, 0.0","282.0, 0.0","283.0, 0.0","283.0, 0.0","282.0, 0.0","283.0, 0.0","208.0, 0.0","242.0, 0.0","282.0, 0.0","283.0, 0.0",,,,,,,,,,,,,,,,,,,,,,,,,,,,,,,,,,,,,,,,,,,,,,,,,,,,,,
1977,"222.0, 9.0","250.0, 6.0","199.0, 4.0","224.0, 3.0","207.0, 2.0","223.0, 1.0","230.0, 0.0","251.0, 0.0","252.0, 0.0","187.0, 0.0","237.0, 0.0","172.0, 0.0","221.0, 0.0","231.0, 0.0","200.0, 0.0","238.0, 0.0","253.0, 0.0","182.0, 0.0","246.0, 0.0","254.0, 0.0","255.0, 0.0","256.0, 0.0","238.0, 0.0","233.0, 0.0","257.0, 0.0","233.0, 0.0","178.0, 0.0","257.0, 0.0","178.0, 0.0","211.0, 0.0","229.0, 0.0","257.0, 0.0","232.0, 0.0","259.0, 0.0","260.0, 0.0","259.0, 0.0","260.0, 0.0","261.0, 0.0","212.0, 0.0","261.0, 0.0","263.0, 0.0","263.0, 0.0","260.0, 0.0","261.0, 0.0","263.0, 0.0","264.0, 0.0","265.0, 0.0","245.0, 0.0","266.0, 0.0","245.0, 0.0","266.0, 0.0","266.0, 0.0","266.0, 0.0","247.0, 0.0","220.0, 0.0","245.0, 0.0","266.0, 0.0","266.0, 0.0","220.0, 0.0","245.0, 0.0","266.0, 0.0",,,,,,,,,,,,,,,,,,,,,,,,,,,,,,,,,,,,,,,,,,,,,,,
1978,"207.0, 9.0","182.0, 6.0","221.0, 4.0","231.0, 3.0","238.0, 2.0","175.0, 1.0","199.0, 0.0","203.0, 0.0","224.0, 0.0","222.0, 0.0","200.0, 0.0","197.0, 0.0","239.0, 0.0","202.0, 0.0","223.0, 0.0","172.0, 0.0","233.0, 0.0","230.0, 0.0","187.0, 0.0","178.0, 0.0","240.0, 0.0","241.0, 0.0","232.0, 0.0","211.0, 0.0","212.0, 0.0","158.0, 0.0","242.0, 0.0","242.0, 0.0","177.0, 0.0","158.0, 0.0","242.0, 0.0","163.0, 0.0","206.0, 0.0","242.0, 0.0","242.0, 0.0","244.0, 0.0","244.0, 0.0","209.0, 0.0","245.0, 0.0","209.0, 0.0","245.0, 0.0","245.0, 0.0","245.0, 0.0","245.0, 0.0","246.0, 0.0","245.0, 0.0",,,,,,,,,,,,,,,,,,,,,,,,,,,,,,,,,,,,,,,,,,,,,,,,,,,,,,,,,,,,,,
1979,"172.0, 9.0","199.0, 6.0","187.0, 4.0","221.0, 3.0","207.0, 2.0","224.0, 1.0","173.0, 0.0","200.0, 0.0","178.0, 0.0","223.0, 0.0","206.0, 0.0","203.0, 0.0","212.0, 0.0","136.0, 0.0","231.0, 0.0","197.0, 0.0","219.0, 0.0","182.0, 0.0","163.0, 0.0","222.0, 0.0","202.0, 0.0","175.0, 0.0","137.0, 0.0","232.0, 0.0","119.0, 0.0","233.0, 0.0","234.0, 0.0","234.0, 0.0","235.0, 0.0","234.0, 0.0","236.0, 0.0","234.0, 0.0","234.0, 0.0","176.0, 0.0","176.0, 0.0","237.0, 0.0",,,,,,,,,,,,,,,,,,,,,,,,,,,,,,,,,,,,,,,,,,,,,,,,,,,,,,,,,,,,,,,,,,,,,,,,
1980,"178.0, 9.0","137.0, 6.0","177.0, 4.0","206.0, 3.0","152.0, 2.0","117.0, 1.0","217.0, 0.0","221.0, 0.0","222.0, 0.0","223.0, 0.0","224.0, 0.0","203.0, 0.0","172.0, 0.0","119.0, 0.0","176.0, 0.0","207.0, 0.0","200.0, 0.0","199.0, 0.0","173.0, 0.0","187.0, 0.0","219.0, 0.0","163.0, 0.0","202.0, 0.0","197.0, 0.0","225.0, 0.0","140.0, 0.0","136.0, 0.0","158.0, 0.0","140.0, 0.0","226.0, 0.0","226.0, 0.0","140.0, 0.0","226.0, 0.0","228.0, 0.0","228.0, 0.0","228.0, 0.0","191.0, 0.0","228.0, 0.0","228.0, 0.0","228.0, 0.0","214.0, 0.0",,,,,,,,,,,,,,,,,,,,,,,,,,,,,,,,,,,,,,,,,,,,,,,,,,,,,,,,,,,,,,,,,,,
1981,"178.0, 9.0","199.0, 6.0","137.0, 4.0","207.0, 3.0","158.0, 2.0","175.0, 1.0","192.0, 0.0","163.0, 0.0","176.0, 0.0","202.0, 0.0","197.0, 0.0","212.0, 0.0","152.0, 0.0","172.0, 0.0","177.0, 0.0","136.0, 0.0","119.0, 0.0","213.0, 0.0","95.0, 0.0","203.0, 0.0","187.0, 0.0","173.0, 0.0","117.0, 0.0","110.0, 0.0","214.0, 0.0","206.0, 0.0","215.0, 0.0","216.0, 0.0","194.0, 0.0","194.0, 0.0","218.0, 0.0","218.0, 0.0","206.0, 0.0","118.0, 0.0","205.0, 0.0","218.0, 0.0","218.0, 0.0","218.0, 0.0","218.0, 0.0",,,,,,,,,,,,,,,,,,,,,,,,,,,,,,,,,,,,,,,,,,,,,,,,,,,,,,,,,,,,,,,,,,,,,
1982,"117.0, 9.0","199.0, 6.0","163.0, 4.0","182.0, 3.0","177.0, 2.0","187.0, 1.0","105.0, 0.0","173.0, 0.0","194.0, 0.0","181.0, 0.0","152.0, 0.0","200.0, 0.0","110.0, 0.0","206.0, 0.0","196.0, 0.0","201.0, 0.0","192.0, 0.0","202.0, 0.0","172.0, 0.0","118.0, 0.0","119.0, 0.0","158.0, 0.0","203.0, 0.0","137.0, 0.0","95.0, 0.0","197.0, 0.0","184.0, 0.0","204.0, 0.0","205.0, 0.0","195.0, 0.0","170.0, 0.0","204.0, 0.0","207.0, 0.0","136.0, 0.0","208.0, 0.0","208.0, 0.0","208.0, 0.0","90.0, 0.0","211.0, 0.0","90.0, 0.0",,,,,,,,,,,,,,,,,,,,,,,,,,,,,,,,,,,,,,,,,,,,,,,,,,,,,,,,,,,,,,,,,,,,
1983,"137.0, 9.0","182.0, 4.0","172.0, 3.0","175.0, 2.0","176.0, 1.0","117.0, 0.0","118.0, 0.0","192.0, 0.0","163.0, 0.0","193.0, 0.0","95.0, 0.0","188.0, 0.0","194.0, 0.0","181.0, 0.0","195.0, 0.0","158.0, 0.0","187.0, 0.0","196.0, 0.0","184.0, 0.0","197.0, 0.0","119.0, 0.0","190.0, 0.0","152.0, 0.0","105.0, 0.0","110.0, 0.0","160.0, 0.0","177.0, 0.0","190.0, 0.0","160.0, 0.0","168.0, 0.0","168.0, 0.0","168.0, 0.0","186.0, 0.0","168.0, 0.0","168.0, 0.0",,,,,,,,,,,,,,,,,,,,,,,,,,,,,,,,,,,,,,,,,,,,,,,,,,,,,,,,,,,,,,,,,,,,,,,,,
1984,"117.0, 9.0","177.0, 6.0","173.0, 4.0","158.0, 3.0","175.0, 2.0","123.0, 1.0","176.0, 0.0","156.0, 0.0","118.0, 0.0","110.0, 0.0","119.0, 0.0","182.0, 0.0","95.0, 0.0","137.0, 0.0","170.0, 0.0","163.0, 0.0","160.0, 0.0","183.0, 0.0","112.0, 0.0","188.0, 0.0","172.0, 0.0","105.0, 0.0","184.0, 0.0","102.0, 0.0","160.0, 0.0","112.0, 0.0","188.0, 0.0","160.0, 0.0","189.0, 0.0","189.0, 0.0","191.0, 0.0","191.0, 0.0","140.0, 0.0","94.0, 0.0","94.0, 0.0",,,,,,,,,,,,,,,,,,,,,,,,,,,,,,,,,,,,,,,,,,,,,,,,,,,,,,,,,,,,,,,,,,,,,,,,,
1985,"117.0, 9.0","105.0, 6.0","173.0, 4.0","163.0, 3.0","175.0, 2.0","172.0, 1.0","140.0, 0.0","84.0, 0.0","112.0, 0.0","118.0, 0.0","123.0, 0.0","160.0, 0.0","181.0, 0.0","77.0, 0.0","102.0, 0.0","158.0, 0.0","94.0, 0.0","182.0, 0.0","110.0, 0.0","119.0, 0.0","177.0, 0.0","183.0, 0.0","95.0, 0.0","184.0, 0.0","137.0, 0.0","183.0, 0.0","156.0, 0.0","183.0, 0.0","183.0, 0.0","183.0, 0.0","183.0, 0.0","183.0, 0.0","178.0, 0.0","178.0, 0.0","183.0, 0.0","178.0, 0.0",,,,,,,,,,,,,,,,,,,,,,,,,,,,,,,,,,,,,,,,,,,,,,,,,,,,,,,,,,,,,,,,,,,,,,,,
1986,"137.0, 9.0","102.0, 6.0","172.0, 4.0","163.0, 3.0","84.0, 2.0","77.0, 1.0","166.0, 0.0","173.0, 0.0","174.0, 0.0","170.0, 0.0","123.0, 0.0","105.0, 0.0","117.0, 0.0","157.0, 0.0","140.0, 0.0","175.0, 0.0","119.0, 0.0","156.0, 0.0","176.0, 0.0","145.0, 0.0","110.0, 0.0","160.0, 0.0","177.0, 0.0","178.0, 0.0","95.0, 0.0","179.0, 0.0","118.0, 0.0","158.0, 0.0","180.0, 0.0","112.0, 0.0","122.0, 0.0","158.0, 0.0",,,,,,,,,,,,,,,,,,,,,,,,,,,,,,,,,,,,,,,,,,,,,,,,,,,,,,,,,,,,,,,,,,,,,,,,,,,,
1987,"117.0, 9.0","137.0, 6.0","140.0, 4.0","77.0, 3.0","123.0, 2.0","95.0, 1.0","138.0, 0.0","105.0, 0.0","157.0, 0.0","156.0, 0.0","166.0, 0.0","169.0, 0.0","158.0, 0.0","102.0, 0.0","119.0, 0.0","110.0, 0.0","118.0, 0.0","133.0, 0.0","145.0, 0.0","84.0, 0.0","170.0, 0.0","122.0, 0.0","167.0, 0.0","99.0, 0.0","122.0, 0.0","160.0, 0.0","163.0, 0.0","171.0, 0.0","78.0, 0.0","78.0, 0.0","78.0, 0.0","78.0, 0.0",,,,,,,,,,,,,,,,,,,,,,,,,,,,,,,,,,,,,,,,,,,,,,,,,,,,,,,,,,,,,,,,,,,,,,,,,,,,
1988,"117.0, 9.0","77.0, 6.0","137.0, 4.0","118.0, 3.0","105.0, 2.0","138.0, 1.0","123.0, 0.0","158.0, 0.0","140.0, 0.0","110.0, 0.0","156.0, 0.0","159.0, 0.0","112.0, 0.0","99.0, 0.0","166.0, 0.0","114.0, 0.0","163.0, 0.0","131.0, 0.0","95.0, 0.0","145.0, 0.0","119.0, 0.0","122.0, 0.0","167.0, 0.0","127.0, 0.0","165.0, 0.0","141.0, 0.0","160.0, 0.0","78.0, 0.0","146.0, 0.0","133.0, 0.0","146.0, 0.0","146.0, 0.0","163.0, 0.0","167.0, 0.0","88.0, 0.0","162.0, 0.0",,,,,,,,,,,,,,,,,,,,,,,,,,,,,,,,,,,,,,,,,,,,,,,,,,,,,,,,,,,,,,,,,,,,,,,,
1989,"95.0, 9.0","117.0, 6.0","127.0, 4.0","65.0, 3.0","118.0, 2.0","145.0, 1.0","156.0, 0.0","138.0, 0.0","129.0, 0.0","105.0, 0.0","102.0, 0.0","112.0, 0.0","110.0, 0.0","157.0, 0.0","119.0, 0.0","158.0, 0.0","146.0, 0.0","84.0, 0.0","122.0, 0.0","137.0, 0.0","131.0, 0.0","123.0, 0.0","94.0, 0.0","77.0, 0.0","159.0, 0.0","114.0, 0.0","163.0, 0.0","148.0, 0.0","90.0, 0.0","133.0, 0.0","160.0, 0.0","161.0, 0.0","162.0, 0.0","164.0, 0.0","88.0, 0.0","140.0, 0.0","92.0, 0.0","164.0, 0.0","88.0, 0.0","160.0, 0.0","161.0, 0.0","164.0, 0.0","88.0, 0.0","134.0, 0.0","134.0, 0.0","134.0, 0.0","134.0, 0.0",,,,,,,,,,,,,,,,,,,,,,,,,,,,,,,,,,,,,,,,,,,,,,,,,,,,,,,,,,,,,
1990,"102.0, 9.0","55.0, 6.0","123.0, 4.0","137.0, 3.0","131.0, 2.0","138.0, 1.0","94.0, 0.0","103.0, 0.0","119.0, 0.0","105.0, 0.0","145.0, 0.0","146.0, 0.0","90.0, 0.0","127.0, 0.0","147.0, 0.0","88.0, 0.0","95.0, 0.0","77.0, 0.0","148.0, 0.0","129.0, 0.0","110.0, 0.0","117.0, 0.0","122.0, 0.0","118.0, 0.0","78.0, 0.0","151.0, 0.0","140.0, 0.0","81.0, 0.0","109.0, 0.0","99.0, 0.0","114.0, 0.0","149.0, 0.0","150.0, 0.0","92.0, 0.0","92.0, 0.0","150.0, 0.0","149.0, 0.0","152.0, 0.0","150.0, 0.0","150.0, 0.0",,,,,,,,,,,,,,,,,,,,,,,,,,,,,,,,,,,,,,,,,,,,,,,,,,,,,,,,,,,,,,,,,,,,
1991,"102.0, 10.0","117.0, 6.0","137.0, 4.0","131.0, 3.0","138.0, 2.0","88.0, 1.0","78.0, 0.0","99.0, 0.0","94.0, 0.0","92.0, 0.0","84.0, 0.0","55.0, 0.0","57.0, 0.0","119.0, 0.0","90.0, 0.0","105.0, 0.0","122.0, 0.0","123.0, 0.0","77.0, 0.0","95.0, 0.0","127.0, 0.0","87.0, 0.0","139.0, 0.0","81.0, 0.0","109.0, 0.0","103.0, 0.0","133.0, 0.0","140.0, 0.0","100.0, 0.0","141.0, 0.0","110.0, 0.0","142.0, 0.0","129.0, 0.0","128.0, 0.0","142.0, 0.0","142.0, 0.0","142.0, 0.0","142.0, 0.0","142.0, 0.0","142.0, 0.0","144.0, 0.0",,,,,,,,,,,,,,,,,,,,,,,,,,,,,,,,,,,,,,,,,,,,,,,,,,,,,,,,,,,,,,,,,,,
1992,"95.0, 10.0","119.0, 6.0","102.0, 4.0","30.0, 3.0","77.0, 2.0","65.0, 1.0","100.0, 0.0","88.0, 0.0","57.0, 0.0","105.0, 0.0","127.0, 0.0","79.0, 0.0","128.0, 0.0","92.0, 0.0","127.0, 0.0","79.0, 0.0","128.0, 0.0","92.0, 0.0","127.0, 0.0","128.0, 0.0","92.0, 0.0","127.0, 0.0","108.0, 0.0","128.0, 0.0","108.0, 0.0","128.0, 0.0","99.0, 0.0","71.0, 0.0","99.0, 0.0","131.0, 0.0","99.0, 0.0","99.0, 0.0",,,,,,,,,,,,,,,,,,,,,,,,,,,,,,,,,,,,,,,,,,,,,,,,,,,,,,,,,,,,,,,,,,,,,,,,,,,,
1993,"117.0, 10.0","102.0, 6.0","87.0, 4.0","104.0, 3.0","109.0, 2.0","77.0, 1.0","118.0, 0.0","109.0, 2.0","77.0, 1.0","70.0, 1.0","118.0, 0.0","112.0, 0.0","55.0, 0.0","100.0, 0.0","105.0, 0.0","69.0, 0.0","22.0, 0.0","105.0, 0.0","69.0, 0.0","22.0, 0.0","105.0, 0.0","105.0, 0.0","123.0, 0.0","123.0, 0.0","91.0, 0.0","79.0, 0.0","94.0, 0.0","83.0, 0.0","105.0, 0.0","83.0, 0.0","126.0, 0.0",,,,,,,,,,,,,,,,,,,,,,,,,,,,,,,,,,,,,,,,,,,,,,,,,,,,,,,,,,,,,,,,,,,,,,,,,,,,,
1994,"30.0, 10.0","71.0, 6.0","55.0, 4.0","22.0, 3.0","79.0, 2.0","91.0, 1.0","65.0, 0.0","94.0, 0.0","100.0, 0.0","83.0, 0.0","44.0, 0.0","101.0, 0.0","102.0, 0.0","84.0, 0.0","56.0, 0.0","50.0, 0.0","103.0, 0.0","87.0, 0.0","104.0, 0.0","49.0, 0.0","57.0, 0.0","105.0, 0.0","81.0, 0.0","77.0, 0.0","106.0, 0.0","92.0, 0.0","107.0, 0.0","108.0, 0.0","92.0, 0.0","108.0, 0.0","109.0, 0.0","108.0, 0.0","14.0, 0.0","88.0, 0.0","85.0, 0.0","88.0, 0.0","85.0, 0.0","85.0, 0.0","85.0, 0.0","85.0, 0.0","115.0, 0.0","85.0, 0.0","89.0, 0.0","115.0, 0.0","85.0, 0.0","85.0, 0.0",,,,,,,,,,,,,,,,,,,,,,,,,,,,,,,,,,,,,,,,,,,,,,,,,,,,,,,,,,,,,,
1995,"30.0, 10.0","14.0, 6.0","77.0, 4.0","57.0, 3.0","55.0, 2.0","87.0, 1.0","63.0, 0.0","88.0, 0.0","85.0, 0.0","64.0, 0.0","63.0, 0.0","79.0, 0.0","88.0, 0.0","85.0, 0.0","93.0, 0.0","64.0, 0.0","64.0, 0.0","95.0, 0.0","94.0, 0.0","81.0, 0.0","69.0, 0.0","94.0, 0.0","50.0, 0.0","91.0, 0.0","69.0, 0.0","69.0, 0.0","91.0, 0.0","90.0, 0.0","90.0, 0.0","90.0, 0.0","90.0, 0.0","99.0, 0.0","98.0, 0.0","98.0, 0.0",,,,,,,,,,,,,,,,,,,,,,,,,,,,,,,,,,,,,,,,,,,,,,,,,,,,,,,,,,,,,,,,,,,,,,,,,,
1996,"71.0, 10.0","35.0, 6.0","56.0, 4.0","77.0, 3.0","57.0, 2.0","63.0, 1.0","44.0, 0.0","49.0, 0.0","73.0, 0.0","64.0, 0.0","79.0, 0.0","79.0, 0.0","73.0, 0.0","83.0, 0.0","69.0, 0.0","84.0, 0.0","73.0, 0.0","83.0, 0.0","85.0, 0.0","69.0, 0.0","84.0, 0.0","21.0, 0.0","85.0, 0.0",,,,,,,,,,,,,,,,,,,,,,,,,,,,,,,,,,,,,,,,,,,,,,,,,,,,,,,,,,,,,,,,,,,,,,,,,,,,,,,,,,,,,
1997,"14.0, 10.0","30.0, 6.0","57.0, 4.0","77.0, 3.0","44.0, 2.0","78.0, 1.0","75.0, 0.0","49.0, 0.0","15.0, 0.0","64.0, 0.0","49.0, 0.0","21.0, 0.0","15.0, 0.0","64.0, 0.0","63.0, 0.0","50.0, 0.0","56.0, 0.0","71.0, 0.0","79.0, 0.0","71.0, 0.0","79.0, 0.0","71.0, 0.0","71.0, 0.0","79.0, 0.0","81.0, 0.0","58.0, 0.0",,,,,,,,,,,,,,,,,,,,,,,,,,,,,,,,,,,,,,,,,,,,,,,,,,,,,,,,,,,,,,,,,,,,,,,,,,,,,,,,,,
1998,"57.0, 10.0","14.0, 6.0","49.0, 4.0","56.0, 3.0","35.0, 2.0","65.0, 1.0","25.0, 0.0","71.0, 0.0","44.0, 0.0","71.0, 0.0","55.0, 0.0","44.0, 0.0","76.0, 0.0","76.0, 0.0","15.0, 0.0","68.0, 0.0","75.0, 0.0","73.0, 0.0","68.0, 0.0","75.0, 0.0","73.0, 0.0","73.0, 0.0","50.0, 0.0",,,,,,,,,,,,,,,,,,,,,,,,,,,,,,,,,,,,,,,,,,,,,,,,,,,,,,,,,,,,,,,,,,,,,,,,,,,,,,,,,,,,,
1999,"56.0, 10.0","49.0, 6.0","23.0, 4.0","21.0, 3.0","22.0, 2.0","37.0, 1.0","68.0, 0.0","30.0, 0.0","44.0, 1.0","68.0, 0.0","25.0, 0.0","48.0, 0.0","68.0, 0.0","63.0, 0.0","25.0, 0.0","69.0, 0.0","48.0, 0.0","65.0, 0.0","70.0, 0.0","65.0, 0.0","70.0, 0.0","41.0, 0.0","35.0, 0.0",,,,,,,,,,,,,,,,,,,,,,,,,,,,,,,,,,,,,,,,,,,,,,,,,,,,,,,,,,,,,,,,,,,,,,,,,,,,,,,,,,,,,
2000,"30.0, 10.0","22.0, 6.0","23.0, 4.0","35.0, 3.0","21.0, 2.0","41.0, 1.0","25.0, 0.0","48.0, 0.0","2.0, 0.0","50.0, 0.0","25.0, 0.0","37.0, 0.0","48.0, 0.0","2.0, 0.0","60.0, 0.0","37.0, 0.0","64.0, 0.0","48.0, 0.0","2.0, 0.0","60.0, 0.0","65.0, 0.0","55.0, 0.0","54.0, 0.0",,,,,,,,,,,,,,,,,,,,,,,,,,,,,,,,,,,,,,,,,,,,,,,,,,,,,,,,,,,,,,,,,,,,,,,,,,,,,,,,,,,,,
2001,"30.0, 10.0","14.0, 6.0","22.0, 4.0","2.0, 3.0","49.0, 2.0","8.0, 1.0","44.0, 0.0","54.0, 0.0","55.0, 0.0","50.0, 0.0","56.0, 0.0","4.0, 0.0","21.0, 0.0","18.0, 0.0","56.0, 0.0","4.0, 0.0","60.0, 0.0","21.0, 0.0","58.0, 0.0","60.0, 0.0","60.0, 0.0","60.0, 0.0","4.0, 0.0","60.0, 0.0","60.0, 0.0","62.0, 0.0",,,,,,,,,,,,,,,,,,,,,,,,,,,,,,,,,,,,,,,,,,,,,,,,,,,,,,,,,,,,,,,,,,,,,,,,,,,,,,,,,,
2002,"30.0, 10.0","31.0, 6.0","8.0, 4.0","56.0, 3.0","17.0, 2.0","63.0, 1.0","62.0, 0.0","37.0, 0.0","63.0, 1.0","13.0, 1.0","66.0, 0.0","62.0, 0.0","37.0, 0.0","35.0, 0.0","11.0, 0.0","49.0, 0.0","21.0, 0.0","21.0, 0.0","49.0, 0.0","21.0, 0.0","59.0, 0.0","59.0, 0.0",,,,,,,,,,,,,,,,,,,,,,,,,,,,,,,,,,,,,,,,,,,,,,,,,,,,,,,,,,,,,,,,,,,,,,,,,,,,,,,,,,,,,,
2003,"14.0, 10.0","31.0, 8.0","8.0, 6.0","30.0, 5.0","15.0, 4.0","49.0, 3.0","4.0, 2.0","23.0, 1.0","35.0, 0.0","18.0, 0.0","50.0, 0.0","35.0, 0.0","52.0, 0.0","50.0, 0.0","43.0, 0.0","52.0, 0.0","50.0, 0.0","50.0, 0.0","42.0, 0.0","42.0, 0.0","53.0, 0.0","47.0, 0.0","53.0, 0.0","47.0, 0.0",,,,,,,,,,,,,,,,,,,,,,,,,,,,,,,,,,,,,,,,,,,,,,,,,,,,,,,,,,,,,,,,,,,,,,,,,,,,,,,,,,,,
2004,"30.0, 10.0","22.0, 8.0","4.0, 6.0","23.0, 5.0","31.0, 4.0","18.0, 3.0","15.0, 2.0","14.0, 1.0","11.0, 0.0","21.0, 0.0","32.0, 0.0","43.0, 0.0","44.0, 0.0","45.0, 0.0","45.0, 0.0","46.0, 0.0","47.0, 0.0","2.0, 0.0","47.0, 0.0","2.0, 0.0","46.0, 0.0","46.0, 0.0","46.0, 0.0","46.0, 0.0","46.0, 0.0",,,,,,,,,,,,,,,,,,,,,,,,,,,,,,,,,,,,,,,,,,,,,,,,,,,,,,,,,,,,,,,,,,,,,,,,,,,,,,,,,,,
2005,"21.0, 10.0","22.0, 8.0","4.0, 6.0","14.0, 5.0","17.0, 4.0","31.0, 3.0","32.0, 2.0","8.0, 1.0","15.0, 0.0","13.0, 0.0","23.0, 0.0","35.0, 0.0","39.0, 0.0","33.0, 0.0","40.0, 0.0","18.0, 0.0","11.0, 0.0","30.0, 0.0","2.0, 0.0","27.0, 0.0","19.0, 0.0","19.0, 0.0","11.0, 0.0","19.0, 0.0","19.0, 0.0","19.0, 0.0","19.0, 0.0",,,,,,,,,,,,,,,,,,,,,,,,,,,,,,,,,,,,,,,,,,,,,,,,,,,,,,,,,,,,,,,,,,,,,,,,,,,,,,,,,
2006,"4.0, 10.0","30.0, 8.0","8.0, 6.0","18.0, 5.0","31.0, 4.0","17.0, 3.0","3.0, 2.0","32.0, 1.0","13.0, 0.0","14.0, 0.0","24.0, 0.0","2.0, 0.0","26.0, 0.0","23.0, 0.0","22.0, 0.0","15.0, 0.0","33.0, 0.0","11.0, 0.0","33.0, 0.0","26.0, 0.0","11.0, 0.0","34.0, 0.0","36.0, 0.0","36.0, 0.0","36.0, 0.0","36.0, 0.0","29.0, 0.0",,,,,,,,,,,,,,,,,,,,,,,,,,,,,,,,,,,,,,,,,,,,,,,,,,,,,,,,,,,,,,,,,,,,,,,,,,,,,,,,,
2007,"8.0, 10.0","4.0, 8.0","1.0, 6.0","2.0, 5.0","21.0, 4.0","13.0, 3.0","3.0, 2.0","23.0, 1.0","15.0, 0.0","5.0, 0.0","22.0, 0.0","11.0, 0.0","17.0, 0.0","24.0, 0.0","18.0, 0.0","19.0, 0.0","16.0, 0.0","19.0, 0.0","16.0, 0.0","9.0, 0.0","19.0, 0.0","26.0, 0.0","24.0, 0.0","29.0, 0.0","27.0, 0.0",,,,,,,,,,,,,,,,,,,,,,,,,,,,,,,,,,,,,,,,,,,,,,,,,,,,,,,,,,,,,,,,,,,,,,,,,,,,,,,,,,,
2008,"1.0, 10.0","2.0, 8.0","3.0, 6.0","4.0, 5.0","5.0, 4.0","6.0, 3.0","7.0, 2.0","8.0, 1.0","6.0, 3.0","7.0, 2.0","17.0, 2.0","14.0, 0.0","18.0, 0.0","12.0, 0.0","21.0, 0.0","22.0, 0.0","19.0, 0.0","11.0, 0.0","19.0, 0.0","11.0, 0.0","16.0, 0.0","20.0, 0.0",,,,,,,,,,,,,,,,,,,,,,,,,,,,,,,,,,,,,,,,,,,,,,,,,,,,,,,,,,,,,,,,,,,,,,,,,,,,,,,,,,,,,,
2009,"18.0, 10.0","22.0, 8.0","15.0, 6.0","10.0, 5.0","4.0, 4.0","3.0, 3.0","67.0, 2.0","7.0, 1.0","16.0, 0.0","2.0, 0.0","21.0, 0.0","17.0, 0.0","20.0, 0.0","9.0, 0.0","8.0, 0.0","20.0, 0.0","12.0, 0.0","8.0, 0.0","9.0, 0.0","5.0, 0.0","153.0, 0.0","154.0, 0.0","69.0, 0.0","24.0, 0.0","69.0, 0.0",,,,,,,,,,,,,,,,,,,,,,,,,,,,,,,,,,,,,,,,,,,,,,,,,,,,,,,,,,,,,,,,,,,,,,,,,,,,,,,,,,,
2010,"4.0, 25.0","13.0, 18.0","1.0, 15.0","20.0, 12.0","3.0, 10.0","30.0, 8.0","18.0, 6.0","17.0, 4.0","24.0, 2.0","22.0, 1.0","9.0, 0.0","16.0, 0.0","153.0, 0.0","807.0, 0.0","5.0, 0.0","67.0, 0.0","15.0, 0.0","37.0, 0.0","811.0, 0.0","10.0, 0.0","808.0, 0.0","155.0, 0.0","810.0, 0.0","812.0, 0.0","29.0, 0.0","2.0, 0.0","32.0, 0.0",,,,,,,,,,,,,,,,,,,,,,,,,,,,,,,,,,,,,,,,,,,,,,,,,,,,,,,,,,,,,,,,,,,,,,,,,,,,,,,,,
2011,"20.0, 25.0","1.0, 18.0","808.0, 15.0","4.0, 12.0","17.0, 10.0","18.0, 8.0","13.0, 6.0","67.0, 4.0","16.0, 2.0","814.0, 1.0","153.0, 0.0","2.0, 0.0","15.0, 0.0","816.0, 0.0","10.0, 0.0","22.0, 0.0","3.0, 0.0","5.0, 0.0","30.0, 0.0","813.0, 0.0","22.0, 0.0","24.0, 0.0","813.0, 0.0","39.0, 0.0","10.0, 0.0","817.0, 0.0","812.0, 0.0","812.0, 0.0",,,,,,,,,,,,,,,,,,,,,,,,,,,,,,,,,,,,,,,,,,,,,,,,,,,,,,,,,,,,,,,,,,,,,,,,,,,,,,,,
2012,"18.0, 25.0","20.0, 18.0","1.0, 15.0","17.0, 12.0","4.0, 10.0","155.0, 8.0","8.0, 6.0","815.0, 4.0","817.0, 2.0","814.0, 1.0","818.0, 0.0","3.0, 0.0","813.0, 0.0","10.0, 0.0","819.0, 0.0","811.0, 0.0","13.0, 0.0","5.0, 0.0","808.0, 0.0","30.0, 0.0","154.0, 0.0","807.0, 0.0","37.0, 0.0","39.0, 0.0","37.0, 0.0",,,,,,,,,,,,,,,,,,,,,,,,,,,,,,,,,,,,,,,,,,,,,,,,,,,,,,,,,,,,,,,,,,,,,,,,,,,,,,,,,,,
2013,"8.0, 25.0","4.0, 18.0","20.0, 15.0","13.0, 12.0","1.0, 10.0","17.0, 8.0","16.0, 6.0","814.0, 4.0","18.0, 2.0","154.0, 1.0","815.0, 0.0","818.0, 0.0","821.0, 0.0","822.0, 0.0","824.0, 0.0","819.0, 0.0","820.0, 0.0","823.0, 0.0","817.0, 0.0","3.0, 0.0","813.0, 0.0","807.0, 0.0","5.0, 0.0",,,,,,,,,,,,,,,,,,,,,,,,,,,,,,,,,,,,,,,,,,,,,,,,,,,,,,,,,,,,,,,,,,,,,,,,,,,,,,,,,,,,,
2014,"3.0, 25.0","825.0, 18.0","18.0, 15.0","4.0, 12.0","822.0, 10.0","807.0, 8.0","8.0, 6.0","818.0, 4.0","826.0, 2.0","815.0, 1.0","16.0, 0.0","821.0, 0.0","820.0, 0.0","824.0, 0.0","154.0, 0.0","813.0, 0.0","828.0, 0.0","20.0, 0.0","1.0, 0.0","13.0, 0.0","155.0, 0.0","817.0, 0.0","827.0, 0.0","827.0, 0.0",,,,,,,,,,,,,,,,,,,,,,,,,,,,,,,,,,,,,,,,,,,,,,,,,,,,,,,,,,,,,,,,,,,,,,,,,,,,,,,,,,,,
2015,"1.0, 25.0","3.0, 18.0","20.0, 15.0","13.0, 12.0","831.0, 10.0","817.0, 8.0","807.0, 6.0","828.0, 4.0","832.0, 2.0","815.0, 1.0","18.0, 0.0","8.0, 0.0","830.0, 0.0","154.0, 0.0","813.0, 0.0","826.0, 0.0","825.0, 0.0","822.0, 0.0","825.0, 0.0","4.0, 0.0","829.0, 0.0","825.0, 0.0",,,,,,,,,,,,,,,,,,,,,,,,,,,,,,,,,,,,,,,,,,,,,,,,,,,,,,,,,,,,,,,,,,,,,,,,,,,,,,,,,,,,,,
2016,"3.0, 25.0","1.0, 18.0","20.0, 15.0","817.0, 12.0","13.0, 10.0","154.0, 8.0","807.0, 6.0","822.0, 4.0","832.0, 2.0","830.0, 1.0","835.0, 0.0","825.0, 0.0","815.0, 0.0","18.0, 0.0","831.0, 0.0","836.0, 0.0","828.0, 0.0","8.0, 0.0","837.0, 0.0","821.0, 0.0","4.0, 0.0","826.0, 0.0","4.0, 0.0","839.0, 0.0",,,,,,,,,,,,,,,,,,,,,,,,,,,,,,,,,,,,,,,,,,,,,,,,,,,,,,,,,,,,,,,,,,,,,,,,,,,,,,,,,,,,
2017,"20.0, 25.0","1.0, 18.0","822.0, 15.0","8.0, 12.0","830.0, 10.0","13.0, 8.0","815.0, 6.0","832.0, 4.0","826.0, 2.0","839.0, 1.0","807.0, 0.0","841.0, 0.0","838.0, 0.0","4.0, 0.0","825.0, 0.0","840.0, 0.0","817.0, 0.0","828.0, 0.0","835.0, 0.0","154.0, 0.0","840.0, 0.0","18.0, 0.0","814.0, 0.0","814.0, 0.0","814.0, 0.0",,,,,,,,,,,,,,,,,,,,,,,,,,,,,,,,,,,,,,,,,,,,,,,,,,,,,,,,,,,,,,,,,,,,,,,,,,,,,,,,,,,
2018,"20.0, 25.0","1.0, 18.0","8.0, 15.0","817.0, 12.0","4.0, 10.0","830.0, 8.0","807.0, 6.0","822.0, 4.0","838.0, 2.0","832.0, 1.0","815.0, 0.0","839.0, 0.0","844.0, 0.0","840.0, 0.0","843.0, 0.0","154.0, 0.0","825.0, 0.0","842.0, 0.0","828.0, 0.0","845.0, 0.0",,,,,,,,,,,,,,,,,,,,,,,,,,,,,,,,,,,,,,,,,,,,,,,,,,,,,,,,,,,,,,,,,,,,,,,,,,,,,,,,,,,,,,,,
2019,"822.0, 26.0","1.0, 18.0","830.0, 15.0","20.0, 12.0","844.0, 10.0","825.0, 8.0","807.0, 6.0","8.0, 4.0","840.0, 2.0","826.0, 1.0","842.0, 0.0","846.0, 0.0","815.0, 0.0","848.0, 0.0","841.0, 0.0","847.0, 0.0","9.0, 0.0","154.0, 0.0","817.0, 0.0","832.0, 0.0",,,,,,,,,,,,,,,,,,,,,,,,,,,,,,,,,,,,,,,,,,,,,,,,,,,,,,,,,,,,,,,,,,,,,,,,,,,,,,,,,,,,,,,,
2020,"822.0, 25.0","844.0, 18.0","846.0, 16.0","1.0, 12.0","832.0, 10.0","815.0, 8.0","842.0, 6.0","839.0, 4.0","841.0, 2.0","20.0, 1.0","849.0, 0.0","826.0, 0.0","848.0, 0.0","8.0, 0.0","847.0, 0.0","154.0, 0.0","825.0, 0.0","840.0, 0.0","817.0, 0.0","830.0, 0.0","807.0, 0.0","851.0, 0.0","850.0, 0.0",,,,,,,,,,,,,,,,,,,,,,,,,,,,,,,,,,,,,,,,,,,,,,,,,,,,,,,,,,,,,,,,,,,,,,,,,,,,,,,,,,,,,
2021,"830.0, 351.5","1.0, 343.5","822.0, 203.0","815.0, 190.0","846.0, 153.0","844.0, 152.0","832.0, 145.5","817.0, 105.0","842.0, 92.0","4.0, 77.0","839.0, 60.0","20.0, 43.0","840.0, 34.0","852.0, 20.0","847.0, 16.0","8.0, 10.0","849.0, 7.0","841.0, 1.0","854.0, 0.0","9.0, 0.0","853.0, 0.0",,,,,,,,,,,,,,,,,,,,,,,,,,,,,,,,,,,,,,,,,,,,,,,,,,,,,,,,,,,,,,,,,,,,,,,,,,,,,,,,,,,,,,,
2022,"844.0, 26.0","832.0, 18.0","1.0, 15.0","847.0, 12.0","825.0, 10.0","822.0, 8.0","839.0, 6.0","852.0, 4.0","4.0, 2.0","855.0, 1.0","854.0, 0.0","840.0, 0.0","848.0, 0.0","817.0, 0.0","846.0, 0.0","849.0, 0.0","807.0, 0.0","815.0, 0.0","830.0, 0.0","842.0, 0.0","20.0, 0.0","807.0, 0.0",,,,,,,,,,,,,,,,,,,,,,,,,,,,,,,,,,,,,,,,,,,,,,,,,,,,,,,,,,,,,,,,,,,,,,,,,,,,,,,,,,,,,,
2023,"830.0, 25.0","815.0, 18.0","4.0, 15.0","832.0, 12.0","1.0, 10.0","840.0, 8.0","847.0, 6.0","822.0, 4.0","842.0, 2.0","848.0, 1.0","852.0, 0.0","858.0, 0.0","825.0, 0.0","856.0, 0.0","807.0, 0.0","855.0, 0.0","846.0, 0.0","839.0, 0.0","844.0, 0.0","857.0, 0.0","817.0, 0.0",,,,,,,,,,,,,,,,,,,,,,,,,,,,,,,,,,,,,,,,,,,,,,,,,,,,,,,,,,,,,,,,,,,,,,,,,,,,,,,,,,,,,,,
