constructorId,years_points_places
1,"[{""year"":1968,""points"":0.0,""place"":11,""accumulated_points"":0.0,""num_first_places"":0},{""year"":1971,""points"":10.0,""place"":6,""accumulated_points"":10.0,""num_first_places"":0},{""year"":1972,""points"":47.0,""place"":3,""accumulated_points"":57.0,""num_first_places"":0},{""year"":1973,""points"":58.0,""place"":3,""accumulated_points"":115.0,""num_first_places"":0},{""year"":1974,""points"":73.0,""place"":1,""accumulated_points"":188.0,""num_first_places"":1},{""year"":1975,""points"":53.0,""place"":3,""accumulated_points"":241.0,""num_first_places"":1},{""year"":1976,""points"":74.0,""place"":2,""accumulated_points"":315.0,""num_first_places"":1},{""year"":1977,""points"":60.0,""place"":3,""accumulated_points"":375.0,""num_first_places"":1},{""year"":1978,""points"":15.0,""place"":8,""accumulated_points"":390.0,""num_first_places"":1},{""year"":1979,""points"":15.0,""place"":7,""accumulated_points"":405.0,""num_first_places"":1},{""year"":1980,""points"":11.0,""place"":7,""accumulated_points"":416.0,""num_first_places"":1},{""year"":1981,""points"":28.0,""place"":6,""accumulated_points"":444.0,""num_first_places"":1},{""year"":1982,""points"":69.0,""place"":2,""accumulated_points"":513.0,""num_first_places"":1},{""year"":1983,""points"":34.0,""place"":5,""accumulated_points"":547.0,""num_first_places"":1},{""year"":1984,""points"":143.5,""place"":1,""accumulated_points"":690.5,""num_first_places"":2},{""year"":1985,""points"":90.0,""place"":1,""accumulated_points"":780.5,""num_first_places"":3},{""year"":1986,""points"":96.0,""place"":2,""accumulated_points"":876.5,""num_first_places"":3},{""year"":1987,""points"":76.0,""place"":2,""accumulated_points"":952.5,""num_first_places"":3},{""year"":1988,""points"":199.0,""place"":1,""accumulated_points"":1151.5,""num_first_places"":4},{""year"":1989,""points"":141.0,""place"":1,""accumulated_points"":1292.5,""num_first_places"":5},{""year"":1990,""points"":121.0,""place"":1,""accumulated_points"":1413.5,""num_first_places"":6},{""year"":1991,""points"":139.0,""place"":1,""accumulated_points"":1552.5,""num_first_places"":7},{""year"":1992,""points"":99.0,""place"":2,""accumulated_points"":1651.5,""num_first_places"":7},{""year"":1993,""points"":84.0,""place"":2,""accumulated_points"":1735.5,""num_first_places"":7},{""year"":1994,""points"":42.0,""place"":4,""accumulated_points"":1777.5,""num_first_places"":7},{""year"":1995,""points"":30.0,""place"":4,""accumulated_points"":1807.5,""num_first_places"":7},{""year"":1996,""points"":49.0,""place"":4,""accumulated_points"":1856.5,""num_first_places"":7},{""year"":1997,""points"":63.0,""place"":4,""accumulated_points"":1919.5,""num_first_places"":7},{""year"":1998,""points"":156.0,""place"":1,""accumulated_points"":2075.5,""num_first_places"":8},{""year"":1999,""points"":124.0,""place"":2,""accumulated_points"":2199.5,""num_first_places"":8},{""year"":2000,""points"":162.0,""place"":2,""accumulated_points"":2361.5,""num_first_places"":8},{""year"":2001,""points"":102.0,""place"":2,""accumulated_points"":2463.5,""num_first_places"":8},{""year"":2002,""points"":65.0,""place"":3,""accumulated_points"":2528.5,""num_first_places"":8},{""year"":2003,""points"":142.0,""place"":3,""accumulated_points"":2670.5,""num_first_places"":8},{""year"":2004,""points"":69.0,""place"":5,""accumulated_points"":2739.5,""num_first_places"":8},{""year"":2005,""points"":182.0,""place"":2,""accumulated_points"":2921.5,""num_first_places"":8},{""year"":2006,""points"":110.0,""place"":3,""accumulated_points"":3031.5,""num_first_places"":8},{""year"":2007,""points"":218.0,""place"":1,""accumulated_points"":3249.5,""num_first_places"":8},{""year"":2008,""points"":151.0,""place"":2,""accumulated_points"":3400.5,""num_first_places"":8},{""year"":2009,""points"":71.0,""place"":3,""accumulated_points"":3471.5,""num_first_places"":8},{""year"":2010,""points"":454.0,""place"":2,""accumulated_points"":3925.5,""num_first_places"":8},{""year"":2011,""points"":497.0,""place"":2,""accumulated_points"":4422.5,""num_first_places"":8},{""year"":2012,""points"":378.0,""place"":3,""accumulated_points"":4800.5,""num_first_places"":8},{""year"":2013,""points"":122.0,""place"":5,""accumulated_points"":4922.5,""num_first_places"":8},{""year"":2014,""points"":181.0,""place"":5,""accumulated_points"":5103.5,""num_first_places"":8},{""year"":2015,""points"":27.0,""place"":9,""accumulated_points"":5130.5,""num_first_places"":8},{""year"":2016,""points"":76.0,""place"":6,""accumulated_points"":5206.5,""num_first_places"":8},{""year"":2017,""points"":30.0,""place"":9,""accumulated_points"":5236.5,""num_first_places"":8},{""year"":2018,""points"":62.0,""place"":6,""accumulated_points"":5298.5,""num_first_places"":8},{""year"":2019,""points"":145.0,""place"":4,""accumulated_points"":5443.5,""num_first_places"":8},{""year"":2020,""points"":202.0,""place"":3,""accumulated_points"":5645.5,""num_first_places"":8},{""year"":2021,""points"":275.0,""place"":4,""accumulated_points"":5920.5,""num_first_places"":8},{""year"":2022,""points"":159.0,""place"":5,""accumulated_points"":6079.5,""num_first_places"":8}]"
2,"[{""year"":2006,""points"":36.0,""place"":5,""accumulated_points"":36.0,""num_first_places"":0},{""year"":2007,""points"":101.0,""place"":3,""accumulated_points"":137.0,""num_first_places"":0},{""year"":2008,""points"":135.0,""place"":3,""accumulated_points"":272.0,""num_first_places"":0},{""year"":2009,""points"":36.0,""place"":6,""accumulated_points"":308.0,""num_first_places"":0}]"
3,"[{""year"":1975,""points"":6.0,""place"":9,""accumulated_points"":6.0,""num_first_places"":0},{""year"":1976,""points"":0.0,""place"":14,""accumulated_points"":6.0,""num_first_places"":0},{""year"":1978,""points"":11.0,""place"":9,""accumulated_points"":17.0,""num_first_places"":0},{""year"":1979,""points"":75.0,""place"":2,""accumulated_points"":92.0,""num_first_places"":0},{""year"":1980,""points"":120.0,""place"":1,""accumulated_points"":212.0,""num_first_places"":1},{""year"":1981,""points"":95.0,""place"":1,""accumulated_points"":307.0,""num_first_places"":2},{""year"":1982,""points"":58.0,""place"":4,""accumulated_points"":365.0,""num_first_places"":2},{""year"":1983,""points"":38.0,""place"":4,""accumulated_points"":403.0,""num_first_places"":2},{""year"":1984,""points"":25.5,""place"":6,""accumulated_points"":428.5,""num_first_places"":2},{""year"":1985,""points"":71.0,""place"":3,""accumulated_points"":499.5,""num_first_places"":2},{""year"":1986,""points"":141.0,""place"":1,""accumulated_points"":640.5,""num_first_places"":3},{""year"":1987,""points"":137.0,""place"":1,""accumulated_points"":777.5,""num_first_places"":4},{""year"":1988,""points"":20.0,""place"":7,""accumulated_points"":797.5,""num_first_places"":4},{""year"":1989,""points"":77.0,""place"":2,""accumulated_points"":874.5,""num_first_places"":4},{""year"":1990,""points"":57.0,""place"":4,""accumulated_points"":931.5,""num_first_places"":4},{""year"":1991,""points"":125.0,""place"":2,""accumulated_points"":1056.5,""num_first_places"":4},{""year"":1992,""points"":164.0,""place"":1,""accumulated_points"":1220.5,""num_first_places"":5},{""year"":1993,""points"":168.0,""place"":1,""accumulated_points"":1388.5,""num_first_places"":6},{""year"":1994,""points"":118.0,""place"":1,""accumulated_points"":1506.5,""num_first_places"":7},{""year"":1995,""points"":118.0,""place"":2,""accumulated_points"":1624.5,""num_first_places"":7},{""year"":1996,""points"":175.0,""place"":1,""accumulated_points"":1799.5,""num_first_places"":8},{""year"":1997,""points"":123.0,""place"":1,""accumulated_points"":1922.5,""num_first_places"":9},{""year"":1998,""points"":38.0,""place"":3,""accumulated_points"":1960.5,""num_first_places"":9},{""year"":1999,""points"":35.0,""place"":5,""accumulated_points"":1995.5,""num_first_places"":9},{""year"":2000,""points"":36.0,""place"":3,""accumulated_points"":2031.5,""num_first_places"":9},{""year"":2001,""points"":80.0,""place"":3,""accumulated_points"":2111.5,""num_first_places"":9},{""year"":2002,""points"":92.0,""place"":2,""accumulated_points"":2203.5,""num_first_places"":9},{""year"":2003,""points"":144.0,""place"":2,""accumulated_points"":2347.5,""num_first_places"":9},{""year"":2004,""points"":88.0,""place"":4,""accumulated_points"":2435.5,""num_first_places"":9},{""year"":2005,""points"":66.0,""place"":5,""accumulated_points"":2501.5,""num_first_places"":9},{""year"":2006,""points"":11.0,""place"":8,""accumulated_points"":2512.5,""num_first_places"":9},{""year"":2007,""points"":33.0,""place"":5,""accumulated_points"":2545.5,""num_first_places"":9},{""year"":2008,""points"":26.0,""place"":8,""accumulated_points"":2571.5,""num_first_places"":9},{""year"":2009,""points"":34.5,""place"":7,""accumulated_points"":2606.0,""num_first_places"":9},{""year"":2010,""points"":69.0,""place"":6,""accumulated_points"":2675.0,""num_first_places"":9},{""year"":2011,""points"":5.0,""place"":9,""accumulated_points"":2680.0,""num_first_places"":9},{""year"":2012,""points"":76.0,""place"":8,""accumulated_points"":2756.0,""num_first_places"":9},{""year"":2013,""points"":5.0,""place"":9,""accumulated_points"":2761.0,""num_first_places"":9},{""year"":2014,""points"":320.0,""place"":3,""accumulated_points"":3081.0,""num_first_places"":9},{""year"":2015,""points"":257.0,""place"":3,""accumulated_points"":3338.0,""num_first_places"":9},{""year"":2016,""points"":138.0,""place"":5,""accumulated_points"":3476.0,""num_first_places"":9},{""year"":2017,""points"":83.0,""place"":5,""accumulated_points"":3559.0,""num_first_places"":9},{""year"":2018,""points"":7.0,""place"":10,""accumulated_points"":3566.0,""num_first_places"":9},{""year"":2019,""points"":1.0,""place"":10,""accumulated_points"":3567.0,""num_first_places"":9},{""year"":2020,""points"":0.0,""place"":10,""accumulated_points"":3567.0,""num_first_places"":9},{""year"":2021,""points"":23.0,""place"":8,""accumulated_points"":3590.0,""num_first_places"":9},{""year"":2022,""points"":8.0,""place"":10,""accumulated_points"":3598.0,""num_first_places"":9}]"
4,"[{""year"":1977,""points"":0.0,""place"":13,""accumulated_points"":0.0,""num_first_places"":0},{""year"":1978,""points"":3.0,""place"":12,""accumulated_points"":3.0,""num_first_places"":0},{""year"":1979,""points"":26.0,""place"":6,""accumulated_points"":29.0,""num_first_places"":0},{""year"":1980,""points"":38.0,""place"":4,""accumulated_points"":67.0,""num_first_places"":0},{""year"":1981,""points"":54.0,""place"":3,""accumulated_points"":121.0,""num_first_places"":0},{""year"":1982,""points"":62.0,""place"":3,""accumulated_points"":183.0,""num_first_places"":0},{""year"":1983,""points"":79.0,""place"":2,""accumulated_points"":262.0,""num_first_places"":0},{""year"":1984,""points"":34.0,""place"":5,""accumulated_points"":296.0,""num_first_places"":0},{""year"":1985,""points"":16.0,""place"":7,""accumulated_points"":312.0,""num_first_places"":0},{""year"":2002,""points"":23.0,""place"":4,""accumulated_points"":335.0,""num_first_places"":0},{""year"":2003,""points"":88.0,""place"":4,""accumulated_points"":423.0,""num_first_places"":0},{""year"":2004,""points"":105.0,""place"":3,""accumulated_points"":528.0,""num_first_places"":0},{""year"":2005,""points"":191.0,""place"":1,""accumulated_points"":719.0,""num_first_places"":1},{""year"":2006,""points"":206.0,""place"":1,""accumulated_points"":925.0,""num_first_places"":2},{""year"":2007,""points"":51.0,""place"":4,""accumulated_points"":976.0,""num_first_places"":2},{""year"":2008,""points"":80.0,""place"":4,""accumulated_points"":1056.0,""num_first_places"":2},{""year"":2009,""points"":26.0,""place"":8,""accumulated_points"":1082.0,""num_first_places"":2},{""year"":2010,""points"":163.0,""place"":5,""accumulated_points"":1245.0,""num_first_places"":2},{""year"":2011,""points"":73.0,""place"":5,""accumulated_points"":1318.0,""num_first_places"":2},{""year"":2016,""points"":8.0,""place"":9,""accumulated_points"":1326.0,""num_first_places"":2},{""year"":2017,""points"":57.0,""place"":6,""accumulated_points"":1383.0,""num_first_places"":2},{""year"":2018,""points"":122.0,""place"":4,""accumulated_points"":1505.0,""num_first_places"":2},{""year"":2019,""points"":91.0,""place"":5,""accumulated_points"":1596.0,""num_first_places"":2},{""year"":2020,""points"":181.0,""place"":5,""accumulated_points"":1777.0,""num_first_places"":2}]"
5,"[{""year"":2006,""points"":1.0,""place"":9,""accumulated_points"":1.0,""num_first_places"":0},{""year"":2007,""points"":8.0,""place"":8,""accumulated_points"":9.0,""num_first_places"":0},{""year"":2008,""points"":39.0,""place"":6,""accumulated_points"":48.0,""num_first_places"":0},{""year"":2009,""points"":8.0,""place"":10,""accumulated_points"":56.0,""num_first_places"":0},{""year"":2010,""points"":13.0,""place"":9,""accumulated_points"":69.0,""num_first_places"":0},{""year"":2011,""points"":41.0,""place"":8,""accumulated_points"":110.0,""num_first_places"":0},{""year"":2012,""points"":26.0,""place"":9,""accumulated_points"":136.0,""num_first_places"":0},{""year"":2013,""points"":33.0,""place"":8,""accumulated_points"":169.0,""num_first_places"":0},{""year"":2014,""points"":30.0,""place"":7,""accumulated_points"":199.0,""num_first_places"":0},{""year"":2015,""points"":67.0,""place"":7,""accumulated_points"":266.0,""num_first_places"":0},{""year"":2016,""points"":63.0,""place"":7,""accumulated_points"":329.0,""num_first_places"":0},{""year"":2017,""points"":53.0,""place"":7,""accumulated_points"":382.0,""num_first_places"":0},{""year"":2018,""points"":33.0,""place"":9,""accumulated_points"":415.0,""num_first_places"":0},{""year"":2019,""points"":85.0,""place"":6,""accumulated_points"":500.0,""num_first_places"":0}]"
6,"[{""year"":1958,""points"":40.0,""place"":2,""accumulated_points"":40.0,""num_first_places"":0},{""year"":1959,""points"":32.0,""place"":2,""accumulated_points"":72.0,""num_first_places"":0},{""year"":1960,""points"":26.0,""place"":3,""accumulated_points"":98.0,""num_first_places"":0},{""year"":1961,""points"":45.0,""place"":1,""accumulated_points"":143.0,""num_first_places"":1},{""year"":1962,""points"":18.0,""place"":5,""accumulated_points"":161.0,""num_first_places"":1},{""year"":1963,""points"":26.0,""place"":4,""accumulated_points"":187.0,""num_first_places"":1},{""year"":1964,""points"":45.0,""place"":1,""accumulated_points"":232.0,""num_first_places"":2},{""year"":1965,""points"":26.0,""place"":4,""accumulated_points"":258.0,""num_first_places"":2},{""year"":1966,""points"":31.0,""place"":2,""accumulated_points"":289.0,""num_first_places"":2},{""year"":1967,""points"":20.0,""place"":4,""accumulated_points"":309.0,""num_first_places"":2},{""year"":1968,""points"":32.0,""place"":4,""accumulated_points"":341.0,""num_first_places"":2},{""year"":1969,""points"":7.0,""place"":5,""accumulated_points"":348.0,""num_first_places"":2},{""year"":1970,""points"":52.0,""place"":2,""accumulated_points"":400.0,""num_first_places"":2},{""year"":1971,""points"":33.0,""place"":3,""accumulated_points"":433.0,""num_first_places"":2},{""year"":1972,""points"":33.0,""place"":4,""accumulated_points"":466.0,""num_first_places"":2},{""year"":1973,""points"":12.0,""place"":6,""accumulated_points"":478.0,""num_first_places"":2},{""year"":1974,""points"":65.0,""place"":2,""accumulated_points"":543.0,""num_first_places"":2},{""year"":1975,""points"":72.5,""place"":1,""accumulated_points"":615.5,""num_first_places"":3},{""year"":1976,""points"":83.0,""place"":1,""accumulated_points"":698.5,""num_first_places"":4},{""year"":1977,""points"":95.0,""place"":1,""accumulated_points"":793.5,""num_first_places"":5},{""year"":1978,""points"":58.0,""place"":2,""accumulated_points"":851.5,""num_first_places"":5},{""year"":1979,""points"":113.0,""place"":1,""accumulated_points"":964.5,""num_first_places"":6},{""year"":1980,""points"":8.0,""place"":10,""accumulated_points"":972.5,""num_first_places"":6},{""year"":1981,""points"":34.0,""place"":5,""accumulated_points"":1006.5,""num_first_places"":6},{""year"":1982,""points"":74.0,""place"":1,""accumulated_points"":1080.5,""num_first_places"":7},{""year"":1983,""points"":89.0,""place"":1,""accumulated_points"":1169.5,""num_first_places"":8},{""year"":1984,""points"":57.5,""place"":2,""accumulated_points"":1227.0,""num_first_places"":8},{""year"":1985,""points"":82.0,""place"":2,""accumulated_points"":1309.0,""num_first_places"":8},{""year"":1986,""points"":37.0,""place"":4,""accumulated_points"":1346.0,""num_first_places"":8},{""year"":1987,""points"":53.0,""place"":4,""accumulated_points"":1399.0,""num_first_places"":8},{""year"":1988,""points"":65.0,""place"":2,""accumulated_points"":1464.0,""num_first_places"":8},{""year"":1989,""points"":59.0,""place"":3,""accumulated_points"":1523.0,""num_first_places"":8},{""year"":1990,""points"":110.0,""place"":2,""accumulated_points"":1633.0,""num_first_places"":8},{""year"":1991,""points"":55.5,""place"":3,""accumulated_points"":1688.5,""num_first_places"":8},{""year"":1992,""points"":21.0,""place"":4,""accumulated_points"":1709.5,""num_first_places"":8},{""year"":1993,""points"":28.0,""place"":4,""accumulated_points"":1737.5,""num_first_places"":8},{""year"":1994,""points"":71.0,""place"":3,""accumulated_points"":1808.5,""num_first_places"":8},{""year"":1995,""points"":73.0,""place"":3,""accumulated_points"":1881.5,""num_first_places"":8},{""year"":1996,""points"":70.0,""place"":2,""accumulated_points"":1951.5,""num_first_places"":8},{""year"":1997,""points"":102.0,""place"":2,""accumulated_points"":2053.5,""num_first_places"":8},{""year"":1998,""points"":133.0,""place"":2,""accumulated_points"":2186.5,""num_first_places"":8},{""year"":1999,""points"":128.0,""place"":1,""accumulated_points"":2314.5,""num_first_places"":9},{""year"":2000,""points"":170.0,""place"":1,""accumulated_points"":2484.5,""num_first_places"":10},{""year"":2001,""points"":179.0,""place"":1,""accumulated_points"":2663.5,""num_first_places"":11},{""year"":2002,""points"":221.0,""place"":1,""accumulated_points"":2884.5,""num_first_places"":12},{""year"":2003,""points"":158.0,""place"":1,""accumulated_points"":3042.5,""num_first_places"":13},{""year"":2004,""points"":262.0,""place"":1,""accumulated_points"":3304.5,""num_first_places"":14},{""year"":2005,""points"":100.0,""place"":3,""accumulated_points"":3404.5,""num_first_places"":14},{""year"":2006,""points"":201.0,""place"":2,""accumulated_points"":3605.5,""num_first_places"":14},{""year"":2007,""points"":204.0,""place"":2,""accumulated_points"":3809.5,""num_first_places"":15},{""year"":2008,""points"":172.0,""place"":1,""accumulated_points"":3981.5,""num_first_places"":16},{""year"":2009,""points"":70.0,""place"":4,""accumulated_points"":4051.5,""num_first_places"":16},{""year"":2010,""points"":396.0,""place"":3,""accumulated_points"":4447.5,""num_first_places"":16},{""year"":2011,""points"":375.0,""place"":3,""accumulated_points"":4822.5,""num_first_places"":16},{""year"":2012,""points"":400.0,""place"":2,""accumulated_points"":5222.5,""num_first_places"":16},{""year"":2013,""points"":354.0,""place"":3,""accumulated_points"":5576.5,""num_first_places"":16},{""year"":2014,""points"":216.0,""place"":4,""accumulated_points"":5792.5,""num_first_places"":16},{""year"":2015,""points"":428.0,""place"":2,""accumulated_points"":6220.5,""num_first_places"":16},{""year"":2016,""points"":398.0,""place"":3,""accumulated_points"":6618.5,""num_first_places"":16},{""year"":2017,""points"":522.0,""place"":2,""accumulated_points"":7140.5,""num_first_places"":16},{""year"":2018,""points"":571.0,""place"":2,""accumulated_points"":7711.5,""num_first_places"":16},{""year"":2019,""points"":504.0,""place"":2,""accumulated_points"":8215.5,""num_first_places"":16},{""year"":2020,""points"":131.0,""place"":6,""accumulated_points"":8346.5,""num_first_places"":16},{""year"":2021,""points"":323.5,""place"":3,""accumulated_points"":8670.0,""num_first_places"":16},{""year"":2022,""points"":554.0,""place"":2,""accumulated_points"":9224.0,""num_first_places"":16}]"
7,"[{""year"":2002,""points"":2.0,""place"":9,""accumulated_points"":2.0,""num_first_places"":0},{""year"":2003,""points"":16.0,""place"":8,""accumulated_points"":18.0,""num_first_places"":0},{""year"":2004,""points"":9.0,""place"":8,""accumulated_points"":27.0,""num_first_places"":0},{""year"":2005,""points"":88.0,""place"":4,""accumulated_points"":115.0,""num_first_places"":0},{""year"":2006,""points"":35.0,""place"":6,""accumulated_points"":150.0,""num_first_places"":0},{""year"":2007,""points"":13.0,""place"":7,""accumulated_points"":163.0,""num_first_places"":0},{""year"":2008,""points"":56.0,""place"":5,""accumulated_points"":219.0,""num_first_places"":0},{""year"":2009,""points"":59.5,""place"":5,""accumulated_points"":278.5,""num_first_places"":0}]"
8,"[{""year"":2006,""points"":0.0,""place"":10,""accumulated_points"":0.0,""num_first_places"":0},{""year"":2007,""points"":4.0,""place"":10,""accumulated_points"":4.0,""num_first_places"":0},{""year"":2008,""points"":0.0,""place"":10,""accumulated_points"":4.0,""num_first_places"":0}]"
9,"[{""year"":2005,""points"":34.0,""place"":7,""accumulated_points"":34.0,""num_first_places"":0},{""year"":2006,""points"":16.0,""place"":7,""accumulated_points"":50.0,""num_first_places"":0},{""year"":2007,""points"":24.0,""place"":6,""accumulated_points"":74.0,""num_first_places"":0},{""year"":2008,""points"":29.0,""place"":7,""accumulated_points"":103.0,""num_first_places"":0},{""year"":2009,""points"":153.5,""place"":2,""accumulated_points"":256.5,""num_first_places"":0},{""year"":2010,""points"":498.0,""place"":1,""accumulated_points"":754.5,""num_first_places"":1},{""year"":2011,""points"":650.0,""place"":1,""accumulated_points"":1404.5,""num_first_places"":2},{""year"":2012,""points"":460.0,""place"":1,""accumulated_points"":1864.5,""num_first_places"":3},{""year"":2013,""points"":596.0,""place"":1,""accumulated_points"":2460.5,""num_first_places"":4},{""year"":2014,""points"":405.0,""place"":2,""accumulated_points"":2865.5,""num_first_places"":4},{""year"":2015,""points"":187.0,""place"":4,""accumulated_points"":3052.5,""num_first_places"":4},{""year"":2016,""points"":468.0,""place"":2,""accumulated_points"":3520.5,""num_first_places"":4},{""year"":2017,""points"":368.0,""place"":3,""accumulated_points"":3888.5,""num_first_places"":4},{""year"":2018,""points"":419.0,""place"":3,""accumulated_points"":4307.5,""num_first_places"":4},{""year"":2019,""points"":417.0,""place"":3,""accumulated_points"":4724.5,""num_first_places"":4},{""year"":2020,""points"":319.0,""place"":2,""accumulated_points"":5043.5,""num_first_places"":4},{""year"":2021,""points"":585.5,""place"":2,""accumulated_points"":5629.0,""num_first_places"":4},{""year"":2022,""points"":759.0,""place"":1,""accumulated_points"":6388.0,""num_first_places"":5}]"
10,"[{""year"":2008,""points"":0.0,""place"":10,""accumulated_points"":0.0,""num_first_places"":0},{""year"":2009,""points"":13.0,""place"":9,""accumulated_points"":13.0,""num_first_places"":0},{""year"":2010,""points"":68.0,""place"":7,""accumulated_points"":81.0,""num_first_places"":0},{""year"":2011,""points"":69.0,""place"":6,""accumulated_points"":150.0,""num_first_places"":0},{""year"":2012,""points"":109.0,""place"":7,""accumulated_points"":259.0,""num_first_places"":0},{""year"":2013,""points"":77.0,""place"":6,""accumulated_points"":336.0,""num_first_places"":0},{""year"":2014,""points"":155.0,""place"":6,""accumulated_points"":491.0,""num_first_places"":0},{""year"":2015,""points"":136.0,""place"":5,""accumulated_points"":627.0,""num_first_places"":0},{""year"":2016,""points"":173.0,""place"":4,""accumulated_points"":800.0,""num_first_places"":0},{""year"":2017,""points"":187.0,""place"":4,""accumulated_points"":987.0,""num_first_places"":0},{""year"":2018,""points"":52.0,""place"":7,""accumulated_points"":1039.0,""num_first_places"":0}]"
11,"[{""year"":1964,""points"":0.0,""place"":9,""accumulated_points"":0.0,""num_first_places"":0},{""year"":1965,""points"":11.0,""place"":6,""accumulated_points"":11.0,""num_first_places"":0},{""year"":1966,""points"":3.0,""place"":8,""accumulated_points"":14.0,""num_first_places"":0},{""year"":1967,""points"":20.0,""place"":4,""accumulated_points"":34.0,""num_first_places"":0},{""year"":1968,""points"":14.0,""place"":6,""accumulated_points"":48.0,""num_first_places"":0},{""year"":2006,""points"":86.0,""place"":4,""accumulated_points"":134.0,""num_first_places"":0},{""year"":2007,""points"":6.0,""place"":9,""accumulated_points"":140.0,""num_first_places"":0},{""year"":2008,""points"":14.0,""place"":9,""accumulated_points"":154.0,""num_first_places"":0}]"
12,"[{""year"":2007,""points"":1.0,""place"":11,""accumulated_points"":1.0,""num_first_places"":0}]"
13,"[{""year"":2006,""points"":0.0,""place"":10,""accumulated_points"":0.0,""num_first_places"":0}]"
14,"[{""year"":2006,""points"":0.0,""place"":10,""accumulated_points"":0.0,""num_first_places"":0}]"
15,"[{""year"":1993,""points"":12.0,""place"":6,""accumulated_points"":12.0,""num_first_places"":0},{""year"":1994,""points"":12.0,""place"":8,""accumulated_points"":24.0,""num_first_places"":0},{""year"":1995,""points"":18.0,""place"":7,""accumulated_points"":42.0,""num_first_places"":0},{""year"":1996,""points"":11.0,""place"":7,""accumulated_points"":53.0,""num_first_places"":0},{""year"":1997,""points"":16.0,""place"":7,""accumulated_points"":69.0,""num_first_places"":0},{""year"":1998,""points"":10.0,""place"":6,""accumulated_points"":79.0,""num_first_places"":0},{""year"":1999,""points"":5.0,""place"":8,""accumulated_points"":84.0,""num_first_places"":0},{""year"":2000,""points"":6.0,""place"":8,""accumulated_points"":90.0,""num_first_places"":0},{""year"":2001,""points"":21.0,""place"":4,""accumulated_points"":111.0,""num_first_places"":0},{""year"":2002,""points"":11.0,""place"":5,""accumulated_points"":122.0,""num_first_places"":0},{""year"":2003,""points"":19.0,""place"":6,""accumulated_points"":141.0,""num_first_places"":0},{""year"":2004,""points"":34.0,""place"":6,""accumulated_points"":175.0,""num_first_places"":0},{""year"":2005,""points"":20.0,""place"":8,""accumulated_points"":195.0,""num_first_places"":0},{""year"":2010,""points"":44.0,""place"":8,""accumulated_points"":239.0,""num_first_places"":0},{""year"":2011,""points"":44.0,""place"":7,""accumulated_points"":283.0,""num_first_places"":0},{""year"":2012,""points"":126.0,""place"":6,""accumulated_points"":409.0,""num_first_places"":0},{""year"":2013,""points"":57.0,""place"":7,""accumulated_points"":466.0,""num_first_places"":0},{""year"":2014,""points"":0.0,""place"":10,""accumulated_points"":466.0,""num_first_places"":0},{""year"":2015,""points"":36.0,""place"":8,""accumulated_points"":502.0,""num_first_places"":0},{""year"":2016,""points"":2.0,""place"":10,""accumulated_points"":504.0,""num_first_places"":0},{""year"":2017,""points"":5.0,""place"":10,""accumulated_points"":509.0,""num_first_places"":0},{""year"":2018,""points"":48.0,""place"":8,""accumulated_points"":557.0,""num_first_places"":0}]"
16,"[{""year"":1999,""points"":0.0,""place"":11,""accumulated_points"":0.0,""num_first_places"":0},{""year"":2000,""points"":20.0,""place"":4,""accumulated_points"":20.0,""num_first_places"":0},{""year"":2001,""points"":17.0,""place"":6,""accumulated_points"":37.0,""num_first_places"":0},{""year"":2002,""points"":7.0,""place"":8,""accumulated_points"":44.0,""num_first_places"":0},{""year"":2003,""points"":26.0,""place"":5,""accumulated_points"":70.0,""num_first_places"":0},{""year"":2004,""points"":119.0,""place"":2,""accumulated_points"":189.0,""num_first_places"":0},{""year"":2005,""points"":38.0,""place"":6,""accumulated_points"":227.0,""num_first_places"":0}]"
17,"[{""year"":1991,""points"":13.0,""place"":5,""accumulated_points"":13.0,""num_first_places"":0},{""year"":1992,""points"":1.0,""place"":11,""accumulated_points"":14.0,""num_first_places"":0},{""year"":1993,""points"":3.0,""place"":10,""accumulated_points"":17.0,""num_first_places"":0},{""year"":1994,""points"":28.0,""place"":5,""accumulated_points"":45.0,""num_first_places"":0},{""year"":1995,""points"":21.0,""place"":6,""accumulated_points"":66.0,""num_first_places"":0},{""year"":1996,""points"":22.0,""place"":5,""accumulated_points"":88.0,""num_first_places"":0},{""year"":1997,""points"":33.0,""place"":5,""accumulated_points"":121.0,""num_first_places"":0},{""year"":1998,""points"":34.0,""place"":4,""accumulated_points"":155.0,""num_first_places"":0},{""year"":1999,""points"":61.0,""place"":3,""accumulated_points"":216.0,""num_first_places"":0},{""year"":2000,""points"":17.0,""place"":6,""accumulated_points"":233.0,""num_first_places"":0},{""year"":2001,""points"":19.0,""place"":5,""accumulated_points"":252.0,""num_first_places"":0},{""year"":2002,""points"":9.0,""place"":6,""accumulated_points"":261.0,""num_first_places"":0},{""year"":2003,""points"":13.0,""place"":9,""accumulated_points"":274.0,""num_first_places"":0},{""year"":2004,""points"":5.0,""place"":9,""accumulated_points"":279.0,""num_first_places"":0},{""year"":2005,""points"":12.0,""place"":9,""accumulated_points"":291.0,""num_first_places"":0}]"
18,"[{""year"":1985,""points"":0.0,""place"":10,""accumulated_points"":0.0,""num_first_places"":0},{""year"":1986,""points"":0.0,""place"":11,""accumulated_points"":0.0,""num_first_places"":0},{""year"":1987,""points"":0.0,""place"":14,""accumulated_points"":0.0,""num_first_places"":0},{""year"":1988,""points"":1.0,""place"":10,""accumulated_points"":1.0,""num_first_places"":0},{""year"":1989,""points"":6.0,""place"":10,""accumulated_points"":7.0,""num_first_places"":0},{""year"":1990,""points"":0.0,""place"":11,""accumulated_points"":7.0,""num_first_places"":0},{""year"":1991,""points"":6.0,""place"":7,""accumulated_points"":13.0,""num_first_places"":0},{""year"":1992,""points"":1.0,""place"":11,""accumulated_points"":14.0,""num_first_places"":0},{""year"":1993,""points"":7.0,""place"":8,""accumulated_points"":21.0,""num_first_places"":0},{""year"":1994,""points"":5.0,""place"":10,""accumulated_points"":26.0,""num_first_places"":0},{""year"":1995,""points"":1.0,""place"":10,""accumulated_points"":27.0,""num_first_places"":0},{""year"":1996,""points"":0.0,""place"":10,""accumulated_points"":27.0,""num_first_places"":0},{""year"":1997,""points"":0.0,""place"":11,""accumulated_points"":27.0,""num_first_places"":0},{""year"":1998,""points"":0.0,""place"":10,""accumulated_points"":27.0,""num_first_places"":0},{""year"":1999,""points"":1.0,""place"":9,""accumulated_points"":28.0,""num_first_places"":0},{""year"":2000,""points"":0.0,""place"":10,""accumulated_points"":28.0,""num_first_places"":0},{""year"":2001,""points"":0.0,""place"":11,""accumulated_points"":28.0,""num_first_places"":0},{""year"":2002,""points"":2.0,""place"":9,""accumulated_points"":30.0,""num_first_places"":0},{""year"":2003,""points"":0.0,""place"":10,""accumulated_points"":30.0,""num_first_places"":0},{""year"":2004,""points"":1.0,""place"":10,""accumulated_points"":31.0,""num_first_places"":0},{""year"":2005,""points"":7.0,""place"":10,""accumulated_points"":38.0,""num_first_places"":0}]"
19,"[{""year"":2000,""points"":4.0,""place"":9,""accumulated_points"":4.0,""num_first_places"":0},{""year"":2001,""points"":9.0,""place"":8,""accumulated_points"":13.0,""num_first_places"":0},{""year"":2002,""points"":8.0,""place"":7,""accumulated_points"":21.0,""num_first_places"":0},{""year"":2003,""points"":18.0,""place"":7,""accumulated_points"":39.0,""num_first_places"":0},{""year"":2004,""points"":10.0,""place"":7,""accumulated_points"":49.0,""num_first_places"":0}]"
20,"[{""year"":1997,""points"":21.0,""place"":6,""accumulated_points"":21.0,""num_first_places"":0},{""year"":1998,""points"":1.0,""place"":9,""accumulated_points"":22.0,""num_first_places"":0},{""year"":1999,""points"":9.0,""place"":7,""accumulated_points"":31.0,""num_first_places"":0},{""year"":2000,""points"":0.0,""place"":10,""accumulated_points"":31.0,""num_first_places"":0},{""year"":2001,""points"":4.0,""place"":9,""accumulated_points"":35.0,""num_first_places"":0}]"
21,"[{""year"":1978,""points"":11.0,""place"":9,""accumulated_points"":11.0,""num_first_places"":0},{""year"":1979,""points"":5.0,""place"":9,""accumulated_points"":16.0,""num_first_places"":0},{""year"":1980,""points"":11.0,""place"":7,""accumulated_points"":27.0,""num_first_places"":0},{""year"":1981,""points"":10.0,""place"":8,""accumulated_points"":37.0,""num_first_places"":0},{""year"":1982,""points"":5.0,""place"":10,""accumulated_points"":42.0,""num_first_places"":0},{""year"":1983,""points"":4.0,""place"":10,""accumulated_points"":46.0,""num_first_places"":0},{""year"":1984,""points"":6.0,""place"":9,""accumulated_points"":52.0,""num_first_places"":0},{""year"":1985,""points"":14.0,""place"":8,""accumulated_points"":66.0,""num_first_places"":0},{""year"":1986,""points"":1.0,""place"":10,""accumulated_points"":67.0,""num_first_places"":0},{""year"":1987,""points"":11.0,""place"":6,""accumulated_points"":78.0,""num_first_places"":0},{""year"":1988,""points"":23.0,""place"":4,""accumulated_points"":101.0,""num_first_places"":0},{""year"":1989,""points"":13.0,""place"":7,""accumulated_points"":114.0,""num_first_places"":0},{""year"":1990,""points"":2.0,""place"":9,""accumulated_points"":116.0,""num_first_places"":0},{""year"":1997,""points"":9.0,""place"":8,""accumulated_points"":125.0,""num_first_places"":0},{""year"":1998,""points"":6.0,""place"":7,""accumulated_points"":131.0,""num_first_places"":0},{""year"":1999,""points"":1.0,""place"":9,""accumulated_points"":132.0,""num_first_places"":0},{""year"":2000,""points"":7.0,""place"":7,""accumulated_points"":139.0,""num_first_places"":0},{""year"":2001,""points"":1.0,""place"":10,""accumulated_points"":140.0,""num_first_places"":0},{""year"":2002,""points"":2.0,""place"":9,""accumulated_points"":142.0,""num_first_places"":0}]"
22,"[{""year"":1986,""points"":19.0,""place"":6,""accumulated_points"":19.0,""num_first_places"":0},{""year"":1987,""points"":28.0,""place"":5,""accumulated_points"":47.0,""num_first_places"":0},{""year"":1988,""points"":39.0,""place"":3,""accumulated_points"":86.0,""num_first_places"":0},{""year"":1989,""points"":39.0,""place"":4,""accumulated_points"":125.0,""num_first_places"":0},{""year"":1990,""points"":71.0,""place"":3,""accumulated_points"":196.0,""num_first_places"":0},{""year"":1991,""points"":38.5,""place"":4,""accumulated_points"":234.5,""num_first_places"":0},{""year"":1992,""points"":91.0,""place"":3,""accumulated_points"":325.5,""num_first_places"":0},{""year"":1993,""points"":72.0,""place"":3,""accumulated_points"":397.5,""num_first_places"":0},{""year"":1994,""points"":103.0,""place"":2,""accumulated_points"":500.5,""num_first_places"":0},{""year"":1995,""points"":147.0,""place"":1,""accumulated_points"":647.5,""num_first_places"":1},{""year"":1996,""points"":68.0,""place"":3,""accumulated_points"":715.5,""num_first_places"":1},{""year"":1997,""points"":67.0,""place"":3,""accumulated_points"":782.5,""num_first_places"":1},{""year"":1998,""points"":33.0,""place"":5,""accumulated_points"":815.5,""num_first_places"":1},{""year"":1999,""points"":16.0,""place"":6,""accumulated_points"":831.5,""num_first_places"":1},{""year"":2000,""points"":20.0,""place"":4,""accumulated_points"":851.5,""num_first_places"":1},{""year"":2001,""points"":10.0,""place"":7,""accumulated_points"":861.5,""num_first_places"":1}]"
23,"[{""year"":2009,""points"":172.0,""place"":1,""accumulated_points"":172.0,""num_first_places"":1}]"
24,"[{""year"":1997,""points"":6.0,""place"":9,""accumulated_points"":6.0,""num_first_places"":0},{""year"":1998,""points"":5.0,""place"":8,""accumulated_points"":11.0,""num_first_places"":0},{""year"":1999,""points"":36.0,""place"":4,""accumulated_points"":47.0,""num_first_places"":0}]"
25,"[{""year"":1970,""points"":0.0,""place"":9,""accumulated_points"":0.0,""num_first_places"":0},{""year"":1971,""points"":73.0,""place"":1,""accumulated_points"":73.0,""num_first_places"":1},{""year"":1972,""points"":51.0,""place"":2,""accumulated_points"":124.0,""num_first_places"":1},{""year"":1973,""points"":82.0,""place"":2,""accumulated_points"":206.0,""num_first_places"":1},{""year"":1974,""points"":52.0,""place"":3,""accumulated_points"":258.0,""num_first_places"":1},{""year"":1975,""points"":25.0,""place"":5,""accumulated_points"":283.0,""num_first_places"":1},{""year"":1976,""points"":71.0,""place"":3,""accumulated_points"":354.0,""num_first_places"":1},{""year"":1977,""points"":27.0,""place"":5,""accumulated_points"":381.0,""num_first_places"":1},{""year"":1978,""points"":38.0,""place"":4,""accumulated_points"":419.0,""num_first_places"":1},{""year"":1979,""points"":28.0,""place"":5,""accumulated_points"":447.0,""num_first_places"":1},{""year"":1980,""points"":12.0,""place"":6,""accumulated_points"":459.0,""num_first_places"":1},{""year"":1981,""points"":10.0,""place"":8,""accumulated_points"":469.0,""num_first_places"":1},{""year"":1982,""points"":25.0,""place"":7,""accumulated_points"":494.0,""num_first_places"":1},{""year"":1983,""points"":12.0,""place"":7,""accumulated_points"":506.0,""num_first_places"":1},{""year"":1984,""points"":0.0,""place"":12,""accumulated_points"":506.0,""num_first_places"":1},{""year"":1985,""points"":7.0,""place"":9,""accumulated_points"":513.0,""num_first_places"":1},{""year"":1986,""points"":11.0,""place"":7,""accumulated_points"":524.0,""num_first_places"":1},{""year"":1987,""points"":11.0,""place"":6,""accumulated_points"":535.0,""num_first_places"":1},{""year"":1988,""points"":5.0,""place"":8,""accumulated_points"":540.0,""num_first_places"":1},{""year"":1989,""points"":16.0,""place"":5,""accumulated_points"":556.0,""num_first_places"":1},{""year"":1990,""points"":16.0,""place"":5,""accumulated_points"":572.0,""num_first_places"":1},{""year"":1991,""points"":12.0,""place"":6,""accumulated_points"":584.0,""num_first_places"":1},{""year"":1992,""points"":8.0,""place"":6,""accumulated_points"":592.0,""num_first_places"":1},{""year"":1993,""points"":0.0,""place"":12,""accumulated_points"":592.0,""num_first_places"":1},{""year"":1994,""points"":13.0,""place"":6,""accumulated_points"":605.0,""num_first_places"":1},{""year"":1995,""points"":5.0,""place"":8,""accumulated_points"":610.0,""num_first_places"":1},{""year"":1996,""points"":5.0,""place"":8,""accumulated_points"":615.0,""num_first_places"":1},{""year"":1997,""points"":2.0,""place"":10,""accumulated_points"":617.0,""num_first_places"":1},{""year"":1998,""points"":0.0,""place"":10,""accumulated_points"":617.0,""num_first_places"":1}]"
26,"[{""year"":1962,""points"":19.0,""place"":4,""accumulated_points"":19.0,""num_first_places"":0},{""year"":1963,""points"":0.0,""place"":9,""accumulated_points"":19.0,""num_first_places"":0},{""year"":1967,""points"":0.0,""place"":12,""accumulated_points"":19.0,""num_first_places"":0},{""year"":1968,""points"":0.0,""place"":11,""accumulated_points"":19.0,""num_first_places"":0},{""year"":1974,""points"":1.0,""place"":12,""accumulated_points"":20.0,""num_first_places"":0},{""year"":1975,""points"":0.0,""place"":14,""accumulated_points"":20.0,""num_first_places"":0},{""year"":1985,""points"":0.0,""place"":10,""accumulated_points"":20.0,""num_first_places"":0},{""year"":1986,""points"":6.0,""place"":8,""accumulated_points"":26.0,""num_first_places"":0},{""year"":1991,""points"":1.0,""place"":11,""accumulated_points"":27.0,""num_first_places"":0},{""year"":1993,""points"":0.0,""place"":12,""accumulated_points"":27.0,""num_first_places"":0},{""year"":1997,""points"":0.0,""place"":11,""accumulated_points"":27.0,""num_first_places"":0}]"
27,"[{""year"":1976,""points"":20.0,""place"":5,""accumulated_points"":20.0,""num_first_places"":0},{""year"":1977,""points"":18.0,""place"":8,""accumulated_points"":38.0,""num_first_places"":0},{""year"":1978,""points"":19.0,""place"":6,""accumulated_points"":57.0,""num_first_places"":0},{""year"":1979,""points"":61.0,""place"":3,""accumulated_points"":118.0,""num_first_places"":0},{""year"":1980,""points"":66.0,""place"":2,""accumulated_points"":184.0,""num_first_places"":0},{""year"":1981,""points"":44.0,""place"":4,""accumulated_points"":228.0,""num_first_places"":0},{""year"":1982,""points"":20.0,""place"":8,""accumulated_points"":248.0,""num_first_places"":0},{""year"":1983,""points"":0.0,""place"":12,""accumulated_points"":248.0,""num_first_places"":0},{""year"":1984,""points"":3.0,""place"":10,""accumulated_points"":251.0,""num_first_places"":0},{""year"":1985,""points"":23.0,""place"":6,""accumulated_points"":274.0,""num_first_places"":0},{""year"":1986,""points"":29.0,""place"":5,""accumulated_points"":303.0,""num_first_places"":0},{""year"":1987,""points"":1.0,""place"":11,""accumulated_points"":304.0,""num_first_places"":0},{""year"":1988,""points"":0.0,""place"":11,""accumulated_points"":304.0,""num_first_places"":0},{""year"":1989,""points"":3.0,""place"":13,""accumulated_points"":307.0,""num_first_places"":0},{""year"":1990,""points"":0.0,""place"":11,""accumulated_points"":307.0,""num_first_places"":0},{""year"":1991,""points"":0.0,""place"":14,""accumulated_points"":307.0,""num_first_places"":0},{""year"":1992,""points"":6.0,""place"":7,""accumulated_points"":313.0,""num_first_places"":0},{""year"":1993,""points"":23.0,""place"":5,""accumulated_points"":336.0,""num_first_places"":0},{""year"":1994,""points"":13.0,""place"":6,""accumulated_points"":349.0,""num_first_places"":0},{""year"":1995,""points"":24.0,""place"":5,""accumulated_points"":373.0,""num_first_places"":0},{""year"":1996,""points"":15.0,""place"":6,""accumulated_points"":388.0,""num_first_places"":0}]"
28,"[{""year"":1995,""points"":0.0,""place"":11,""accumulated_points"":0.0,""num_first_places"":0},{""year"":1996,""points"":0.0,""place"":10,""accumulated_points"":0.0,""num_first_places"":0}]"
29,"[{""year"":1991,""points"":0.0,""place"":14,""accumulated_points"":0.0,""num_first_places"":0},{""year"":1992,""points"":6.0,""place"":7,""accumulated_points"":6.0,""num_first_places"":0},{""year"":1993,""points"":4.0,""place"":9,""accumulated_points"":10.0,""num_first_places"":0},{""year"":1994,""points"":9.0,""place"":9,""accumulated_points"":19.0,""num_first_places"":0},{""year"":1995,""points"":5.0,""place"":8,""accumulated_points"":24.0,""num_first_places"":0},{""year"":1996,""points"":1.0,""place"":9,""accumulated_points"":25.0,""num_first_places"":0}]"
30,"[{""year"":1994,""points"":0.0,""place"":12,""accumulated_points"":0.0,""num_first_places"":0},{""year"":1995,""points"":0.0,""place"":11,""accumulated_points"":0.0,""num_first_places"":0}]"
31,"[{""year"":1994,""points"":0.0,""place"":12,""accumulated_points"":0.0,""num_first_places"":0},{""year"":1995,""points"":0.0,""place"":11,""accumulated_points"":0.0,""num_first_places"":0}]"
32,"[{""year"":1958,""points"":3.0,""place"":6,""accumulated_points"":3.0,""num_first_places"":0},{""year"":1959,""points"":5.0,""place"":4,""accumulated_points"":8.0,""num_first_places"":0},{""year"":1960,""points"":34.0,""place"":2,""accumulated_points"":42.0,""num_first_places"":0},{""year"":1962,""points"":0.0,""place"":9,""accumulated_points"":42.0,""num_first_places"":0},{""year"":1963,""points"":0.0,""place"":9,""accumulated_points"":42.0,""num_first_places"":0},{""year"":1970,""points"":59.0,""place"":1,""accumulated_points"":101.0,""num_first_places"":1},{""year"":1972,""points"":61.0,""place"":1,""accumulated_points"":162.0,""num_first_places"":2},{""year"":1973,""points"":92.0,""place"":1,""accumulated_points"":254.0,""num_first_places"":3},{""year"":1974,""points"":42.0,""place"":4,""accumulated_points"":296.0,""num_first_places"":3},{""year"":1975,""points"":9.0,""place"":7,""accumulated_points"":305.0,""num_first_places"":3},{""year"":1976,""points"":29.0,""place"":4,""accumulated_points"":334.0,""num_first_places"":3},{""year"":1977,""points"":62.0,""place"":2,""accumulated_points"":396.0,""num_first_places"":3},{""year"":1978,""points"":86.0,""place"":1,""accumulated_points"":482.0,""num_first_places"":4},{""year"":1979,""points"":39.0,""place"":4,""accumulated_points"":521.0,""num_first_places"":4},{""year"":1980,""points"":14.0,""place"":5,""accumulated_points"":535.0,""num_first_places"":4},{""year"":1981,""points"":22.0,""place"":7,""accumulated_points"":557.0,""num_first_places"":4},{""year"":1982,""points"":30.0,""place"":6,""accumulated_points"":587.0,""num_first_places"":4},{""year"":1983,""points"":12.0,""place"":7,""accumulated_points"":599.0,""num_first_places"":4},{""year"":1984,""points"":47.0,""place"":3,""accumulated_points"":646.0,""num_first_places"":4},{""year"":1985,""points"":71.0,""place"":3,""accumulated_points"":717.0,""num_first_places"":4},{""year"":1986,""points"":58.0,""place"":3,""accumulated_points"":775.0,""num_first_places"":4},{""year"":1987,""points"":64.0,""place"":3,""accumulated_points"":839.0,""num_first_places"":4},{""year"":1988,""points"":23.0,""place"":4,""accumulated_points"":862.0,""num_first_places"":4},{""year"":1989,""points"":15.0,""place"":6,""accumulated_points"":877.0,""num_first_places"":4},{""year"":1990,""points"":3.0,""place"":8,""accumulated_points"":880.0,""num_first_places"":4},{""year"":1991,""points"":3.0,""place"":9,""accumulated_points"":883.0,""num_first_places"":4},{""year"":1992,""points"":13.0,""place"":5,""accumulated_points"":896.0,""num_first_places"":4},{""year"":1993,""points"":12.0,""place"":6,""accumulated_points"":908.0,""num_first_places"":4},{""year"":1994,""points"":0.0,""place"":12,""accumulated_points"":908.0,""num_first_places"":4}]"
33,"[{""year"":1987,""points"":3.0,""place"":9,""accumulated_points"":3.0,""num_first_places"":0},{""year"":1988,""points"":0.0,""place"":11,""accumulated_points"":3.0,""num_first_places"":0},{""year"":1989,""points"":1.0,""place"":15,""accumulated_points"":4.0,""num_first_places"":0},{""year"":1990,""points"":11.0,""place"":6,""accumulated_points"":15.0,""num_first_places"":0},{""year"":1991,""points"":1.0,""place"":11,""accumulated_points"":16.0,""num_first_places"":0},{""year"":1992,""points"":1.0,""place"":11,""accumulated_points"":17.0,""num_first_places"":0},{""year"":1993,""points"":3.0,""place"":10,""accumulated_points"":20.0,""num_first_places"":0},{""year"":1994,""points"":2.0,""place"":11,""accumulated_points"":22.0,""num_first_places"":0}]"
34,"[{""year"":1962,""points"":6.0,""place"":7,""accumulated_points"":6.0,""num_first_places"":0},{""year"":1963,""points"":28.0,""place"":3,""accumulated_points"":34.0,""num_first_places"":0},{""year"":1970,""points"":35.0,""place"":4,""accumulated_points"":69.0,""num_first_places"":0},{""year"":1971,""points"":5.0,""place"":9,""accumulated_points"":74.0,""num_first_places"":0},{""year"":1972,""points"":7.0,""place"":9,""accumulated_points"":81.0,""num_first_places"":0},{""year"":1973,""points"":22.0,""place"":4,""accumulated_points"":103.0,""num_first_places"":0},{""year"":1974,""points"":35.0,""place"":5,""accumulated_points"":138.0,""num_first_places"":0},{""year"":1975,""points"":54.0,""place"":2,""accumulated_points"":192.0,""num_first_places"":0},{""year"":1977,""points"":27.0,""place"":5,""accumulated_points"":219.0,""num_first_places"":0},{""year"":1978,""points"":53.0,""place"":3,""accumulated_points"":272.0,""num_first_places"":0},{""year"":1980,""points"":55.0,""place"":3,""accumulated_points"":327.0,""num_first_places"":0},{""year"":1981,""points"":61.0,""place"":2,""accumulated_points"":388.0,""num_first_places"":0},{""year"":1982,""points"":41.0,""place"":5,""accumulated_points"":429.0,""num_first_places"":0},{""year"":1983,""points"":72.0,""place"":3,""accumulated_points"":501.0,""num_first_places"":0},{""year"":1984,""points"":38.0,""place"":4,""accumulated_points"":539.0,""num_first_places"":0},{""year"":1985,""points"":26.0,""place"":5,""accumulated_points"":565.0,""num_first_places"":0},{""year"":1986,""points"":2.0,""place"":9,""accumulated_points"":567.0,""num_first_places"":0},{""year"":1987,""points"":10.0,""place"":8,""accumulated_points"":577.0,""num_first_places"":0},{""year"":1989,""points"":8.0,""place"":8,""accumulated_points"":585.0,""num_first_places"":0},{""year"":1990,""points"":2.0,""place"":9,""accumulated_points"":587.0,""num_first_places"":0},{""year"":1991,""points"":3.0,""place"":9,""accumulated_points"":590.0,""num_first_places"":0},{""year"":1992,""points"":0.0,""place"":14,""accumulated_points"":590.0,""num_first_places"":0}]"
35,"[{""year"":1988,""points"":0.0,""place"":11,""accumulated_points"":0.0,""num_first_places"":0},{""year"":1989,""points"":8.0,""place"":8,""accumulated_points"":8.0,""num_first_places"":0},{""year"":1990,""points"":0.0,""place"":11,""accumulated_points"":8.0,""num_first_places"":0},{""year"":1991,""points"":5.0,""place"":8,""accumulated_points"":13.0,""num_first_places"":0},{""year"":1992,""points"":2.0,""place"":10,""accumulated_points"":15.0,""num_first_places"":0}]"
36,"[{""year"":1991,""points"":0.0,""place"":14,""accumulated_points"":0.0,""num_first_places"":0},{""year"":1992,""points"":0.0,""place"":14,""accumulated_points"":0.0,""num_first_places"":0}]"
37,"[{""year"":1970,""points"":48.0,""place"":3,""accumulated_points"":48.0,""num_first_places"":0},{""year"":1972,""points"":15.0,""place"":6,""accumulated_points"":63.0,""num_first_places"":0},{""year"":1973,""points"":14.0,""place"":5,""accumulated_points"":77.0,""num_first_places"":0},{""year"":1974,""points"":6.0,""place"":9,""accumulated_points"":83.0,""num_first_places"":0},{""year"":1975,""points"":7.5,""place"":8,""accumulated_points"":90.5,""num_first_places"":0},{""year"":1976,""points"":19.0,""place"":7,""accumulated_points"":109.5,""num_first_places"":0},{""year"":1977,""points"":0.0,""place"":13,""accumulated_points"":109.5,""num_first_places"":0},{""year"":1981,""points"":0.0,""place"":14,""accumulated_points"":109.5,""num_first_places"":0},{""year"":1982,""points"":0.0,""place"":14,""accumulated_points"":109.5,""num_first_places"":0},{""year"":1987,""points"":1.0,""place"":11,""accumulated_points"":110.5,""num_first_places"":0},{""year"":1988,""points"":22.0,""place"":6,""accumulated_points"":132.5,""num_first_places"":0},{""year"":1989,""points"":4.0,""place"":12,""accumulated_points"":136.5,""num_first_places"":0},{""year"":1992,""points"":3.0,""place"":9,""accumulated_points"":139.5,""num_first_places"":0}]"
39,"[{""year"":1986,""points"":0.0,""place"":11,""accumulated_points"":0.0,""num_first_places"":0},{""year"":1987,""points"":1.0,""place"":11,""accumulated_points"":1.0,""num_first_places"":0},{""year"":1988,""points"":0.0,""place"":11,""accumulated_points"":1.0,""num_first_places"":0},{""year"":1989,""points"":1.0,""place"":15,""accumulated_points"":2.0,""num_first_places"":0},{""year"":1990,""points"":0.0,""place"":11,""accumulated_points"":2.0,""num_first_places"":0},{""year"":1991,""points"":0.0,""place"":14,""accumulated_points"":2.0,""num_first_places"":0}]"
40,"[{""year"":1991,""points"":0.0,""place"":14,""accumulated_points"":0.0,""num_first_places"":0}]"
41,"[{""year"":1990,""points"":7.0,""place"":7,""accumulated_points"":7.0,""num_first_places"":0},{""year"":1991,""points"":1.0,""place"":11,""accumulated_points"":8.0,""num_first_places"":0}]"
42,"[{""year"":1987,""points"":0.0,""place"":14,""accumulated_points"":0.0,""num_first_places"":0},{""year"":1988,""points"":0.0,""place"":11,""accumulated_points"":0.0,""num_first_places"":0},{""year"":1989,""points"":0.0,""place"":17,""accumulated_points"":0.0,""num_first_places"":0},{""year"":1990,""points"":0.0,""place"":11,""accumulated_points"":0.0,""num_first_places"":0},{""year"":1991,""points"":0.0,""place"":14,""accumulated_points"":0.0,""num_first_places"":0}]"
44,"[{""year"":1988,""points"":0.0,""place"":11,""accumulated_points"":0.0,""num_first_places"":0},{""year"":1989,""points"":0.0,""place"":17,""accumulated_points"":0.0,""num_first_places"":0},{""year"":1990,""points"":0.0,""place"":11,""accumulated_points"":0.0,""num_first_places"":0}]"
45,"[{""year"":1980,""points"":0.0,""place"":12,""accumulated_points"":0.0,""num_first_places"":0},{""year"":1981,""points"":0.0,""place"":14,""accumulated_points"":0.0,""num_first_places"":0},{""year"":1982,""points"":3.0,""place"":12,""accumulated_points"":3.0,""num_first_places"":0},{""year"":1983,""points"":0.0,""place"":12,""accumulated_points"":3.0,""num_first_places"":0},{""year"":1984,""points"":2.0,""place"":11,""accumulated_points"":5.0,""num_first_places"":0},{""year"":1985,""points"":0.0,""place"":10,""accumulated_points"":5.0,""num_first_places"":0},{""year"":1986,""points"":0.0,""place"":11,""accumulated_points"":5.0,""num_first_places"":0},{""year"":1987,""points"":0.0,""place"":14,""accumulated_points"":5.0,""num_first_places"":0},{""year"":1988,""points"":0.0,""place"":11,""accumulated_points"":5.0,""num_first_places"":0},{""year"":1989,""points"":0.0,""place"":17,""accumulated_points"":5.0,""num_first_places"":0},{""year"":1990,""points"":0.0,""place"":11,""accumulated_points"":5.0,""num_first_places"":0}]"
46,"[{""year"":1989,""points"":6.0,""place"":10,""accumulated_points"":6.0,""num_first_places"":0},{""year"":1990,""points"":0.0,""place"":11,""accumulated_points"":6.0,""num_first_places"":0}]"
47,"[{""year"":1990,""points"":0.0,""place"":11,""accumulated_points"":0.0,""num_first_places"":0}]"
48,"[{""year"":1988,""points"":3.0,""place"":9,""accumulated_points"":3.0,""num_first_places"":0},{""year"":1989,""points"":3.0,""place"":13,""accumulated_points"":6.0,""num_first_places"":0}]"
49,"[{""year"":1985,""points"":0.0,""place"":10,""accumulated_points"":0.0,""num_first_places"":0},{""year"":1986,""points"":0.0,""place"":11,""accumulated_points"":0.0,""num_first_places"":0},{""year"":1987,""points"":2.0,""place"":10,""accumulated_points"":2.0,""num_first_places"":0},{""year"":1988,""points"":0.0,""place"":11,""accumulated_points"":2.0,""num_first_places"":0},{""year"":1989,""points"":0.0,""place"":17,""accumulated_points"":2.0,""num_first_places"":0}]"
50,"[{""year"":1983,""points"":0.0,""place"":12,""accumulated_points"":0.0,""num_first_places"":0},{""year"":1984,""points"":0.0,""place"":12,""accumulated_points"":0.0,""num_first_places"":0},{""year"":1985,""points"":0.0,""place"":10,""accumulated_points"":0.0,""num_first_places"":0}]"
51,"[{""year"":1963,""points"":0.0,""place"":9,""accumulated_points"":0.0,""num_first_places"":0},{""year"":1965,""points"":0.0,""place"":9,""accumulated_points"":0.0,""num_first_places"":0},{""year"":1979,""points"":0.0,""place"":13,""accumulated_points"":0.0,""num_first_places"":0},{""year"":1980,""points"":4.0,""place"":11,""accumulated_points"":4.0,""num_first_places"":0},{""year"":1981,""points"":10.0,""place"":8,""accumulated_points"":14.0,""num_first_places"":0},{""year"":1982,""points"":7.0,""place"":9,""accumulated_points"":21.0,""num_first_places"":0},{""year"":1983,""points"":18.0,""place"":6,""accumulated_points"":39.0,""num_first_places"":0},{""year"":1984,""points"":11.0,""place"":8,""accumulated_points"":50.0,""num_first_places"":0},{""year"":1985,""points"":0.0,""place"":10,""accumulated_points"":50.0,""num_first_places"":0},{""year"":2019,""points"":57.0,""place"":8,""accumulated_points"":107.0,""num_first_places"":0},{""year"":2020,""points"":8.0,""place"":8,""accumulated_points"":115.0,""num_first_places"":0},{""year"":2021,""points"":13.0,""place"":9,""accumulated_points"":128.0,""num_first_places"":0},{""year"":2022,""points"":55.0,""place"":6,""accumulated_points"":183.0,""num_first_places"":0}]"
52,"[{""year"":1983,""points"":0.0,""place"":12,""accumulated_points"":0.0,""num_first_places"":0},{""year"":1984,""points"":0.0,""place"":12,""accumulated_points"":0.0,""num_first_places"":0},{""year"":1985,""points"":0.0,""place"":10,""accumulated_points"":0.0,""num_first_places"":0}]"
53,"[{""year"":1981,""points"":0.0,""place"":14,""accumulated_points"":0.0,""num_first_places"":0},{""year"":1982,""points"":0.0,""place"":14,""accumulated_points"":0.0,""num_first_places"":0},{""year"":1983,""points"":10.0,""place"":9,""accumulated_points"":10.0,""num_first_places"":0},{""year"":1984,""points"":16.0,""place"":7,""accumulated_points"":26.0,""num_first_places"":0},{""year"":1985,""points"":0.0,""place"":10,""accumulated_points"":26.0,""num_first_places"":0}]"
54,"[{""year"":1963,""points"":0.0,""place"":9,""accumulated_points"":0.0,""num_first_places"":0},{""year"":1978,""points"":0.0,""place"":15,""accumulated_points"":0.0,""num_first_places"":0},{""year"":1979,""points"":2.0,""place"":11,""accumulated_points"":2.0,""num_first_places"":0},{""year"":1980,""points"":0.0,""place"":12,""accumulated_points"":2.0,""num_first_places"":0},{""year"":1981,""points"":1.0,""place"":12,""accumulated_points"":3.0,""num_first_places"":0},{""year"":1982,""points"":4.0,""place"":11,""accumulated_points"":7.0,""num_first_places"":0},{""year"":1983,""points"":0.0,""place"":12,""accumulated_points"":7.0,""num_first_places"":0},{""year"":1984,""points"":0.0,""place"":12,""accumulated_points"":7.0,""num_first_places"":0}]"
55,"[{""year"":1978,""points"":0.0,""place"":15,""accumulated_points"":0.0,""num_first_places"":0},{""year"":1981,""points"":1.0,""place"":12,""accumulated_points"":1.0,""num_first_places"":0},{""year"":1982,""points"":0.0,""place"":14,""accumulated_points"":1.0,""num_first_places"":0},{""year"":1983,""points"":1.0,""place"":11,""accumulated_points"":2.0,""num_first_places"":0}]"
56,"[{""year"":1975,""points"":0.0,""place"":14,""accumulated_points"":0.0,""num_first_places"":0},{""year"":1976,""points"":3.0,""place"":11,""accumulated_points"":3.0,""num_first_places"":0},{""year"":1977,""points"":11.0,""place"":9,""accumulated_points"":14.0,""num_first_places"":0},{""year"":1978,""points"":17.0,""place"":7,""accumulated_points"":31.0,""num_first_places"":0},{""year"":1979,""points"":1.0,""place"":12,""accumulated_points"":32.0,""num_first_places"":0},{""year"":1980,""points"":11.0,""place"":7,""accumulated_points"":43.0,""num_first_places"":0},{""year"":1981,""points"":0.0,""place"":14,""accumulated_points"":43.0,""num_first_places"":0},{""year"":1982,""points"":1.0,""place"":13,""accumulated_points"":44.0,""num_first_places"":0}]"
57,"[{""year"":1973,""points"":0.0,""place"":12,""accumulated_points"":0.0,""num_first_places"":0},{""year"":1974,""points"":0.0,""place"":13,""accumulated_points"":0.0,""num_first_places"":0},{""year"":1975,""points"":1.0,""place"":13,""accumulated_points"":1.0,""num_first_places"":0},{""year"":1976,""points"":2.0,""place"":12,""accumulated_points"":3.0,""num_first_places"":0},{""year"":1977,""points"":10.0,""place"":10,""accumulated_points"":13.0,""num_first_places"":0},{""year"":1978,""points"":1.0,""place"":13,""accumulated_points"":14.0,""num_first_places"":0},{""year"":1979,""points"":0.0,""place"":13,""accumulated_points"":14.0,""num_first_places"":0},{""year"":1980,""points"":0.0,""place"":12,""accumulated_points"":14.0,""num_first_places"":0},{""year"":1981,""points"":5.0,""place"":11,""accumulated_points"":19.0,""num_first_places"":0},{""year"":1982,""points"":0.0,""place"":14,""accumulated_points"":19.0,""num_first_places"":0}]"
58,"[{""year"":1973,""points"":9.0,""place"":8,""accumulated_points"":9.0,""num_first_places"":0},{""year"":1974,""points"":7.0,""place"":8,""accumulated_points"":16.0,""num_first_places"":0},{""year"":1976,""points"":10.0,""place"":8,""accumulated_points"":26.0,""num_first_places"":0},{""year"":1977,""points"":23.0,""place"":7,""accumulated_points"":49.0,""num_first_places"":0},{""year"":1978,""points"":6.0,""place"":11,""accumulated_points"":55.0,""num_first_places"":0},{""year"":1979,""points"":3.0,""place"":10,""accumulated_points"":58.0,""num_first_places"":0},{""year"":1980,""points"":0.0,""place"":12,""accumulated_points"":58.0,""num_first_places"":0}]"
59,"[{""year"":1976,""points"":0.0,""place"":14,""accumulated_points"":0.0,""num_first_places"":0},{""year"":1977,""points"":55.0,""place"":4,""accumulated_points"":55.0,""num_first_places"":0},{""year"":1978,""points"":24.0,""place"":5,""accumulated_points"":79.0,""num_first_places"":0},{""year"":1979,""points"":0.0,""place"":13,""accumulated_points"":79.0,""num_first_places"":0}]"
60,"[{""year"":1978,""points"":0.0,""place"":15,""accumulated_points"":0.0,""num_first_places"":0},{""year"":1979,""points"":0.0,""place"":13,""accumulated_points"":0.0,""num_first_places"":0}]"
61,"[{""year"":1979,""points"":0.0,""place"":13,""accumulated_points"":0.0,""num_first_places"":0}]"
62,"[{""year"":1979,""points"":0.0,""place"":13,""accumulated_points"":0.0,""num_first_places"":0}]"
63,"[{""year"":1970,""points"":3.0,""place"":8,""accumulated_points"":3.0,""num_first_places"":0},{""year"":1971,""points"":8.0,""place"":8,""accumulated_points"":11.0,""num_first_places"":0},{""year"":1972,""points"":18.0,""place"":5,""accumulated_points"":29.0,""num_first_places"":0},{""year"":1973,""points"":7.0,""place"":9,""accumulated_points"":36.0,""num_first_places"":0},{""year"":1974,""points"":3.0,""place"":11,""accumulated_points"":39.0,""num_first_places"":0},{""year"":1975,""points"":0.0,""place"":14,""accumulated_points"":39.0,""num_first_places"":0},{""year"":1976,""points"":7.0,""place"":10,""accumulated_points"":46.0,""num_first_places"":0},{""year"":1977,""points"":6.0,""place"":11,""accumulated_points"":52.0,""num_first_places"":0},{""year"":1978,""points"":1.0,""place"":13,""accumulated_points"":53.0,""num_first_places"":0}]"
64,"[{""year"":1974,""points"":15.0,""place"":6,""accumulated_points"":15.0,""num_first_places"":0},{""year"":1975,""points"":33.0,""place"":4,""accumulated_points"":48.0,""num_first_places"":0},{""year"":1976,""points"":0.0,""place"":14,""accumulated_points"":48.0,""num_first_places"":0},{""year"":1977,""points"":0.0,""place"":13,""accumulated_points"":48.0,""num_first_places"":0},{""year"":1978,""points"":0.0,""place"":15,""accumulated_points"":48.0,""num_first_places"":0}]"
65,"[{""year"":1978,""points"":0.0,""place"":15,""accumulated_points"":0.0,""num_first_places"":0}]"
66,"[{""year"":1958,""points"":18.0,""place"":4,""accumulated_points"":18.0,""num_first_places"":0},{""year"":1959,""points"":18.0,""place"":3,""accumulated_points"":36.0,""num_first_places"":0},{""year"":1960,""points"":8.0,""place"":4,""accumulated_points"":44.0,""num_first_places"":0},{""year"":1961,""points"":7.0,""place"":5,""accumulated_points"":51.0,""num_first_places"":0},{""year"":1962,""points"":42.0,""place"":1,""accumulated_points"":93.0,""num_first_places"":1},{""year"":1963,""points"":36.0,""place"":2,""accumulated_points"":129.0,""num_first_places"":1},{""year"":1964,""points"":42.0,""place"":2,""accumulated_points"":171.0,""num_first_places"":1},{""year"":1965,""points"":45.0,""place"":2,""accumulated_points"":216.0,""num_first_places"":1},{""year"":1966,""points"":22.0,""place"":4,""accumulated_points"":238.0,""num_first_places"":1},{""year"":1967,""points"":17.0,""place"":6,""accumulated_points"":255.0,""num_first_places"":1},{""year"":1968,""points"":28.0,""place"":5,""accumulated_points"":283.0,""num_first_places"":1},{""year"":1969,""points"":7.0,""place"":5,""accumulated_points"":290.0,""num_first_places"":1},{""year"":1970,""points"":23.0,""place"":6,""accumulated_points"":313.0,""num_first_places"":1},{""year"":1971,""points"":36.0,""place"":2,""accumulated_points"":349.0,""num_first_places"":1},{""year"":1972,""points"":14.0,""place"":7,""accumulated_points"":363.0,""num_first_places"":1},{""year"":1973,""points"":12.0,""place"":6,""accumulated_points"":375.0,""num_first_places"":1},{""year"":1974,""points"":10.0,""place"":7,""accumulated_points"":385.0,""num_first_places"":1},{""year"":1975,""points"":0.0,""place"":14,""accumulated_points"":385.0,""num_first_places"":1},{""year"":1976,""points"":0.0,""place"":14,""accumulated_points"":385.0,""num_first_places"":1},{""year"":1977,""points"":0.0,""place"":13,""accumulated_points"":385.0,""num_first_places"":1}]"
67,"[{""year"":1974,""points"":0.0,""place"":13,""accumulated_points"":0.0,""num_first_places"":0},{""year"":1975,""points"":2.0,""place"":12,""accumulated_points"":2.0,""num_first_places"":0},{""year"":1976,""points"":20.0,""place"":5,""accumulated_points"":22.0,""num_first_places"":0},{""year"":1977,""points"":1.0,""place"":12,""accumulated_points"":23.0,""num_first_places"":0}]"
68,"[{""year"":1977,""points"":0.0,""place"":13,""accumulated_points"":0.0,""num_first_places"":0}]"
69,"[{""year"":1977,""points"":0.0,""place"":13,""accumulated_points"":0.0,""num_first_places"":0}]"
70,"[{""year"":1976,""points"":0.0,""place"":14,""accumulated_points"":0.0,""num_first_places"":0},{""year"":1977,""points"":0.0,""place"":13,""accumulated_points"":0.0,""num_first_places"":0}]"
71,"[{""year"":1977,""points"":0.0,""place"":13,""accumulated_points"":0.0,""num_first_places"":0}]"
72,"[{""year"":1976,""points"":0.0,""place"":14,""accumulated_points"":0.0,""num_first_places"":0},{""year"":1977,""points"":0.0,""place"":13,""accumulated_points"":0.0,""num_first_places"":0}]"
73,"[{""year"":1974,""points"":0.0,""place"":13,""accumulated_points"":0.0,""num_first_places"":0},{""year"":1975,""points"":5.0,""place"":10,""accumulated_points"":5.0,""num_first_places"":0},{""year"":1976,""points"":1.0,""place"":13,""accumulated_points"":6.0,""num_first_places"":0}]"
74,"[{""year"":1974,""points"":0.0,""place"":13,""accumulated_points"":0.0,""num_first_places"":0},{""year"":1975,""points"":0.0,""place"":14,""accumulated_points"":0.0,""num_first_places"":0},{""year"":1976,""points"":0.0,""place"":14,""accumulated_points"":0.0,""num_first_places"":0}]"
75,"[{""year"":1975,""points"":3.0,""place"":11,""accumulated_points"":3.0,""num_first_places"":0}]"
76,"[{""year"":1974,""points"":0.0,""place"":13,""accumulated_points"":0.0,""num_first_places"":0},{""year"":1975,""points"":0.0,""place"":14,""accumulated_points"":0.0,""num_first_places"":0}]"
77,"[{""year"":1974,""points"":0.0,""place"":13,""accumulated_points"":0.0,""num_first_places"":0}]"
78,"[{""year"":1974,""points"":0.0,""place"":13,""accumulated_points"":0.0,""num_first_places"":0}]"
79,"[{""year"":1974,""points"":0.0,""place"":13,""accumulated_points"":0.0,""num_first_places"":0}]"
80,"[{""year"":1973,""points"":2.0,""place"":10,""accumulated_points"":2.0,""num_first_places"":0},{""year"":1974,""points"":4.0,""place"":10,""accumulated_points"":6.0,""num_first_places"":0}]"
81,"[{""year"":1972,""points"":0.0,""place"":10,""accumulated_points"":0.0,""num_first_places"":0},{""year"":1973,""points"":1.0,""place"":11,""accumulated_points"":1.0,""num_first_places"":0}]"
82,"[{""year"":1967,""points"":0.0,""place"":12,""accumulated_points"":0.0,""num_first_places"":0},{""year"":1968,""points"":8.0,""place"":9,""accumulated_points"":8.0,""num_first_places"":0},{""year"":1970,""points"":23.0,""place"":6,""accumulated_points"":31.0,""num_first_places"":0},{""year"":1971,""points"":9.0,""place"":7,""accumulated_points"":40.0,""num_first_places"":0},{""year"":1972,""points"":12.0,""place"":8,""accumulated_points"":52.0,""num_first_places"":0}]"
83,"[{""year"":1972,""points"":0.0,""place"":10,""accumulated_points"":0.0,""num_first_places"":0}]"
84,"[{""year"":1972,""points"":0.0,""place"":10,""accumulated_points"":0.0,""num_first_places"":0}]"
85,"[{""year"":1970,""points"":0.0,""place"":9,""accumulated_points"":0.0,""num_first_places"":0},{""year"":1971,""points"":0.0,""place"":10,""accumulated_points"":0.0,""num_first_places"":0}]"
86,"[{""year"":1962,""points"":0.0,""place"":9,""accumulated_points"":0.0,""num_first_places"":0},{""year"":1963,""points"":0.0,""place"":9,""accumulated_points"":0.0,""num_first_places"":0},{""year"":1970,""points"":0.0,""place"":9,""accumulated_points"":0.0,""num_first_places"":0}]"
87,"[{""year"":1958,""points"":31.0,""place"":3,""accumulated_points"":31.0,""num_first_places"":0},{""year"":1962,""points"":0.0,""place"":9,""accumulated_points"":31.0,""num_first_places"":0}]"
89,"[{""year"":1962,""points"":0.0,""place"":9,""accumulated_points"":0.0,""num_first_places"":0},{""year"":1963,""points"":0.0,""place"":9,""accumulated_points"":0.0,""num_first_places"":0},{""year"":1968,""points"":0.0,""place"":11,""accumulated_points"":0.0,""num_first_places"":0}]"
90,"[{""year"":1967,""points"":0.0,""place"":12,""accumulated_points"":0.0,""num_first_places"":0}]"
91,"[{""year"":1966,""points"":0.0,""place"":13,""accumulated_points"":0.0,""num_first_places"":0}]"
92,"[{""year"":1963,""points"":0.0,""place"":9,""accumulated_points"":0.0,""num_first_places"":0},{""year"":1964,""points"":0.0,""place"":9,""accumulated_points"":0.0,""num_first_places"":0}]"
93,"[{""year"":1965,""points"":0.0,""place"":9,""accumulated_points"":0.0,""num_first_places"":0}]"
94,"[{""year"":1963,""points"":6.0,""place"":6,""accumulated_points"":6.0,""num_first_places"":0},{""year"":1964,""points"":5.0,""place"":7,""accumulated_points"":11.0,""num_first_places"":0}]"
95,"[{""year"":1958,""points"":0.0,""place"":7,""accumulated_points"":0.0,""num_first_places"":0},{""year"":1959,""points"":0.0,""place"":5,""accumulated_points"":0.0,""num_first_places"":0},{""year"":1960,""points"":1.0,""place"":7,""accumulated_points"":1.0,""num_first_places"":0},{""year"":1961,""points"":22.0,""place"":3,""accumulated_points"":23.0,""num_first_places"":0},{""year"":1962,""points"":18.0,""place"":5,""accumulated_points"":41.0,""num_first_places"":0},{""year"":1963,""points"":5.0,""place"":7,""accumulated_points"":46.0,""num_first_places"":0},{""year"":1964,""points"":0.0,""place"":9,""accumulated_points"":46.0,""num_first_places"":0}]"
96,"[{""year"":1964,""points"":0.0,""place"":9,""accumulated_points"":0.0,""num_first_places"":0}]"
97,"[{""year"":1961,""points"":0.0,""place"":6,""accumulated_points"":0.0,""num_first_places"":0},{""year"":1962,""points"":0.0,""place"":9,""accumulated_points"":0.0,""num_first_places"":0},{""year"":1963,""points"":0.0,""place"":9,""accumulated_points"":0.0,""num_first_places"":0}]"
98,"[{""year"":1963,""points"":0.0,""place"":9,""accumulated_points"":0.0,""num_first_places"":0}]"
99,"[{""year"":1961,""points"":0.0,""place"":6,""accumulated_points"":0.0,""num_first_places"":0},{""year"":1962,""points"":0.0,""place"":9,""accumulated_points"":0.0,""num_first_places"":0}]"
100,"[{""year"":1962,""points"":0.0,""place"":9,""accumulated_points"":0.0,""num_first_places"":0}]"
101,"[{""year"":1959,""points"":0.0,""place"":5,""accumulated_points"":0.0,""num_first_places"":0},{""year"":1960,""points"":0.0,""place"":8,""accumulated_points"":0.0,""num_first_places"":0},{""year"":1961,""points"":0.0,""place"":6,""accumulated_points"":0.0,""num_first_places"":0}]"
103,"[{""year"":1961,""points"":0.0,""place"":6,""accumulated_points"":0.0,""num_first_places"":0}]"
104,"[{""year"":1960,""points"":0.0,""place"":8,""accumulated_points"":0.0,""num_first_places"":0}]"
105,"[{""year"":1958,""points"":6.0,""place"":5,""accumulated_points"":6.0,""num_first_places"":0},{""year"":1959,""points"":0.0,""place"":5,""accumulated_points"":6.0,""num_first_places"":0},{""year"":1960,""points"":0.0,""place"":8,""accumulated_points"":6.0,""num_first_places"":0}]"
106,"[{""year"":1960,""points"":0.0,""place"":8,""accumulated_points"":0.0,""num_first_places"":0}]"
113,"[{""year"":1959,""points"":0.0,""place"":5,""accumulated_points"":0.0,""num_first_places"":0}]"
117,"[{""year"":1959,""points"":0.0,""place"":5,""accumulated_points"":0.0,""num_first_places"":0},{""year"":1960,""points"":0.0,""place"":8,""accumulated_points"":0.0,""num_first_places"":0},{""year"":2021,""points"":77.0,""place"":7,""accumulated_points"":77.0,""num_first_places"":0},{""year"":2022,""points"":55.0,""place"":6,""accumulated_points"":132.0,""num_first_places"":0}]"
118,"[{""year"":1958,""points"":48.0,""place"":1,""accumulated_points"":48.0,""num_first_places"":1},{""year"":1959,""points"":0.0,""place"":5,""accumulated_points"":48.0,""num_first_places"":1},{""year"":1960,""points"":0.0,""place"":8,""accumulated_points"":48.0,""num_first_places"":1}]"
123,"[{""year"":1959,""points"":0.0,""place"":5,""accumulated_points"":0.0,""num_first_places"":0}]"
124,"[{""year"":1959,""points"":0.0,""place"":5,""accumulated_points"":0.0,""num_first_places"":0}]"
125,"[{""year"":1958,""points"":0.0,""place"":7,""accumulated_points"":0.0,""num_first_places"":0},{""year"":1959,""points"":0.0,""place"":5,""accumulated_points"":0.0,""num_first_places"":0}]"
127,"[{""year"":1958,""points"":0.0,""place"":7,""accumulated_points"":0.0,""num_first_places"":0}]"
131,"[{""year"":2010,""points"":214.0,""place"":4,""accumulated_points"":214.0,""num_first_places"":0},{""year"":2011,""points"":165.0,""place"":4,""accumulated_points"":379.0,""num_first_places"":0},{""year"":2012,""points"":142.0,""place"":5,""accumulated_points"":521.0,""num_first_places"":0},{""year"":2013,""points"":360.0,""place"":2,""accumulated_points"":881.0,""num_first_places"":0},{""year"":2014,""points"":701.0,""place"":1,""accumulated_points"":1582.0,""num_first_places"":1},{""year"":2015,""points"":703.0,""place"":1,""accumulated_points"":2285.0,""num_first_places"":2},{""year"":2016,""points"":765.0,""place"":1,""accumulated_points"":3050.0,""num_first_places"":3},{""year"":2017,""points"":668.0,""place"":1,""accumulated_points"":3718.0,""num_first_places"":4},{""year"":2018,""points"":655.0,""place"":1,""accumulated_points"":4373.0,""num_first_places"":5},{""year"":2019,""points"":739.0,""place"":1,""accumulated_points"":5112.0,""num_first_places"":6},{""year"":2020,""points"":573.0,""place"":1,""accumulated_points"":5685.0,""num_first_places"":7},{""year"":2021,""points"":613.5,""place"":1,""accumulated_points"":6298.5,""num_first_places"":8},{""year"":2022,""points"":515.0,""place"":3,""accumulated_points"":6813.5,""num_first_places"":8}]"
164,"[{""year"":2010,""points"":0.0,""place"":10,""accumulated_points"":0.0,""num_first_places"":0},{""year"":2011,""points"":0.0,""place"":10,""accumulated_points"":0.0,""num_first_places"":0},{""year"":2012,""points"":0.0,""place"":10,""accumulated_points"":0.0,""num_first_places"":0}]"
166,"[{""year"":2010,""points"":0.0,""place"":10,""accumulated_points"":0.0,""num_first_places"":0},{""year"":2011,""points"":0.0,""place"":10,""accumulated_points"":0.0,""num_first_places"":0}]"
167,"[{""year"":1959,""points"":0.0,""place"":5,""accumulated_points"":0.0,""num_first_places"":0},{""year"":1960,""points"":3.0,""place"":5,""accumulated_points"":3.0,""num_first_places"":0},{""year"":1961,""points"":0.0,""place"":6,""accumulated_points"":3.0,""num_first_places"":0},{""year"":1963,""points"":0.0,""place"":9,""accumulated_points"":3.0,""num_first_places"":0},{""year"":1965,""points"":0.0,""place"":9,""accumulated_points"":3.0,""num_first_places"":0},{""year"":1966,""points"":30.0,""place"":3,""accumulated_points"":33.0,""num_first_places"":0},{""year"":1967,""points"":28.0,""place"":3,""accumulated_points"":61.0,""num_first_places"":0},{""year"":1968,""points"":0.0,""place"":11,""accumulated_points"":61.0,""num_first_places"":0},{""year"":1969,""points"":0.0,""place"":7,""accumulated_points"":61.0,""num_first_places"":0}]"
168,"[{""year"":1959,""points"":0.0,""place"":5,""accumulated_points"":0.0,""num_first_places"":0}]"
169,"[{""year"":1959,""points"":0.0,""place"":5,""accumulated_points"":0.0,""num_first_places"":0}]"
170,"[{""year"":1959,""points"":40.0,""place"":1,""accumulated_points"":40.0,""num_first_places"":1},{""year"":1960,""points"":48.0,""place"":1,""accumulated_points"":88.0,""num_first_places"":2},{""year"":1961,""points"":14.0,""place"":4,""accumulated_points"":102.0,""num_first_places"":2},{""year"":1962,""points"":29.0,""place"":3,""accumulated_points"":131.0,""num_first_places"":2},{""year"":1963,""points"":25.0,""place"":5,""accumulated_points"":156.0,""num_first_places"":2},{""year"":1964,""points"":16.0,""place"":5,""accumulated_points"":172.0,""num_first_places"":2},{""year"":1965,""points"":14.0,""place"":5,""accumulated_points"":186.0,""num_first_places"":2},{""year"":1967,""points"":6.0,""place"":8,""accumulated_points"":192.0,""num_first_places"":2},{""year"":1968,""points"":0.0,""place"":11,""accumulated_points"":192.0,""num_first_places"":2}]"
171,"[{""year"":1960,""points"":3.0,""place"":5,""accumulated_points"":3.0,""num_first_places"":0}]"
172,"[{""year"":1961,""points"":35.0,""place"":2,""accumulated_points"":35.0,""num_first_places"":0},{""year"":1962,""points"":36.0,""place"":2,""accumulated_points"":71.0,""num_first_places"":0},{""year"":1963,""points"":54.0,""place"":1,""accumulated_points"":125.0,""num_first_places"":1},{""year"":1964,""points"":37.0,""place"":3,""accumulated_points"":162.0,""num_first_places"":1},{""year"":1965,""points"":54.0,""place"":1,""accumulated_points"":216.0,""num_first_places"":2},{""year"":1966,""points"":8.0,""place"":6,""accumulated_points"":224.0,""num_first_places"":2},{""year"":1967,""points"":0.0,""place"":12,""accumulated_points"":224.0,""num_first_places"":2}]"
173,"[{""year"":1961,""points"":0.0,""place"":6,""accumulated_points"":0.0,""num_first_places"":0},{""year"":1963,""points"":0.0,""place"":9,""accumulated_points"":0.0,""num_first_places"":0}]"
174,"[{""year"":1961,""points"":0.0,""place"":6,""accumulated_points"":0.0,""num_first_places"":0},{""year"":1962,""points"":0.0,""place"":9,""accumulated_points"":0.0,""num_first_places"":0}]"
175,"[{""year"":1961,""points"":0.0,""place"":6,""accumulated_points"":0.0,""num_first_places"":0},{""year"":1962,""points"":0.0,""place"":9,""accumulated_points"":0.0,""num_first_places"":0}]"
176,"[{""year"":1962,""points"":1.0,""place"":8,""accumulated_points"":1.0,""num_first_places"":0},{""year"":1963,""points"":4.0,""place"":8,""accumulated_points"":5.0,""num_first_places"":0},{""year"":1964,""points"":3.0,""place"":8,""accumulated_points"":8.0,""num_first_places"":0},{""year"":1965,""points"":2.0,""place"":8,""accumulated_points"":10.0,""num_first_places"":0},{""year"":1966,""points"":13.0,""place"":5,""accumulated_points"":23.0,""num_first_places"":0},{""year"":1967,""points"":6.0,""place"":8,""accumulated_points"":29.0,""num_first_places"":0}]"
177,"[{""year"":1962,""points"":0.0,""place"":9,""accumulated_points"":0.0,""num_first_places"":0},{""year"":1963,""points"":0.0,""place"":9,""accumulated_points"":0.0,""num_first_places"":0}]"
178,"[{""year"":1962,""points"":0.0,""place"":9,""accumulated_points"":0.0,""num_first_places"":0}]"
179,"[{""year"":1963,""points"":0.0,""place"":9,""accumulated_points"":0.0,""num_first_places"":0}]"
180,"[{""year"":1963,""points"":0.0,""place"":9,""accumulated_points"":0.0,""num_first_places"":0},{""year"":1965,""points"":0.0,""place"":9,""accumulated_points"":0.0,""num_first_places"":0},{""year"":1967,""points"":44.0,""place"":2,""accumulated_points"":44.0,""num_first_places"":0},{""year"":1968,""points"":62.0,""place"":1,""accumulated_points"":106.0,""num_first_places"":1},{""year"":1969,""points"":47.0,""place"":3,""accumulated_points"":153.0,""num_first_places"":1},{""year"":1971,""points"":21.0,""place"":5,""accumulated_points"":174.0,""num_first_places"":1}]"
181,"[{""year"":1964,""points"":7.0,""place"":6,""accumulated_points"":7.0,""num_first_places"":0},{""year"":1965,""points"":5.0,""place"":7,""accumulated_points"":12.0,""num_first_places"":0},{""year"":1966,""points"":1.0,""place"":10,""accumulated_points"":13.0,""num_first_places"":0}]"
182,"[{""year"":1964,""points"":0.0,""place"":9,""accumulated_points"":0.0,""num_first_places"":0},{""year"":1965,""points"":0.0,""place"":9,""accumulated_points"":0.0,""num_first_places"":0},{""year"":1967,""points"":0.0,""place"":12,""accumulated_points"":0.0,""num_first_places"":0},{""year"":1969,""points"":49.0,""place"":2,""accumulated_points"":49.0,""num_first_places"":0},{""year"":1976,""points"":0.0,""place"":14,""accumulated_points"":49.0,""num_first_places"":0},{""year"":1979,""points"":0.0,""place"":13,""accumulated_points"":49.0,""num_first_places"":0}]"
183,"[{""year"":1964,""points"":30.0,""place"":4,""accumulated_points"":30.0,""num_first_places"":0},{""year"":1965,""points"":27.0,""place"":3,""accumulated_points"":57.0,""num_first_places"":0},{""year"":1966,""points"":1.0,""place"":10,""accumulated_points"":58.0,""num_first_places"":0},{""year"":1967,""points"":2.0,""place"":11,""accumulated_points"":60.0,""num_first_places"":0},{""year"":1968,""points"":0.0,""place"":11,""accumulated_points"":60.0,""num_first_places"":0},{""year"":1969,""points"":0.0,""place"":7,""accumulated_points"":60.0,""num_first_places"":0}]"
184,"[{""year"":1965,""points"":0.0,""place"":9,""accumulated_points"":0.0,""num_first_places"":0},{""year"":1967,""points"":0.0,""place"":12,""accumulated_points"":0.0,""num_first_places"":0}]"
185,"[{""year"":1965,""points"":0.0,""place"":9,""accumulated_points"":0.0,""num_first_places"":0}]"
186,"[{""year"":1965,""points"":0.0,""place"":9,""accumulated_points"":0.0,""num_first_places"":0}]"
187,"[{""year"":1966,""points"":2.0,""place"":9,""accumulated_points"":2.0,""num_first_places"":0},{""year"":1967,""points"":0.0,""place"":12,""accumulated_points"":2.0,""num_first_places"":0},{""year"":1968,""points"":49.0,""place"":2,""accumulated_points"":51.0,""num_first_places"":0},{""year"":1969,""points"":38.0,""place"":4,""accumulated_points"":89.0,""num_first_places"":0},{""year"":1970,""points"":35.0,""place"":4,""accumulated_points"":124.0,""num_first_places"":0}]"
188,"[{""year"":1966,""points"":1.0,""place"":10,""accumulated_points"":1.0,""num_first_places"":0}]"
189,"[{""year"":1966,""points"":4.0,""place"":7,""accumulated_points"":4.0,""num_first_places"":0},{""year"":1967,""points"":0.0,""place"":12,""accumulated_points"":4.0,""num_first_places"":0}]"
190,"[{""year"":1966,""points"":0.0,""place"":13,""accumulated_points"":0.0,""num_first_places"":0},{""year"":1967,""points"":13.0,""place"":7,""accumulated_points"":13.0,""num_first_places"":0},{""year"":1968,""points"":0.0,""place"":11,""accumulated_points"":13.0,""num_first_places"":0}]"
191,"[{""year"":1966,""points"":42.0,""place"":1,""accumulated_points"":42.0,""num_first_places"":1},{""year"":1967,""points"":63.0,""place"":1,""accumulated_points"":105.0,""num_first_places"":2},{""year"":1968,""points"":10.0,""place"":8,""accumulated_points"":115.0,""num_first_places"":2},{""year"":1969,""points"":0.0,""place"":7,""accumulated_points"":115.0,""num_first_places"":2}]"
192,"[{""year"":1966,""points"":0.0,""place"":13,""accumulated_points"":0.0,""num_first_places"":0}]"
193,"[{""year"":1967,""points"":0.0,""place"":12,""accumulated_points"":0.0,""num_first_places"":0}]"
194,"[{""year"":1967,""points"":3.0,""place"":10,""accumulated_points"":3.0,""num_first_places"":0},{""year"":1968,""points"":3.0,""place"":10,""accumulated_points"":6.0,""num_first_places"":0}]"
195,"[{""year"":1968,""points"":14.0,""place"":6,""accumulated_points"":14.0,""num_first_places"":0}]"
196,"[{""year"":1968,""points"":45.0,""place"":3,""accumulated_points"":45.0,""num_first_places"":0},{""year"":1969,""points"":66.0,""place"":1,""accumulated_points"":111.0,""num_first_places"":1}]"
197,"[{""year"":1969,""points"":0.0,""place"":7,""accumulated_points"":0.0,""num_first_places"":0}]"
198,"[{""year"":1970,""points"":0.0,""place"":9,""accumulated_points"":0.0,""num_first_places"":0}]"
199,"[{""year"":1971,""points"":0.0,""place"":10,""accumulated_points"":0.0,""num_first_places"":0}]"
200,"[{""year"":1971,""points"":33.0,""place"":3,""accumulated_points"":33.0,""num_first_places"":0}]"
201,"[{""year"":1971,""points"":0.0,""place"":10,""accumulated_points"":0.0,""num_first_places"":0}]"
202,"[{""year"":1975,""points"":9.5,""place"":6,""accumulated_points"":9.5,""num_first_places"":0}]"
203,"[{""year"":1975,""points"":0.0,""place"":14,""accumulated_points"":0.0,""num_first_places"":0}]"
204,"[{""year"":1976,""points"":9.0,""place"":9,""accumulated_points"":9.0,""num_first_places"":0},{""year"":1979,""points"":7.0,""place"":8,""accumulated_points"":16.0,""num_first_places"":0}]"
205,"[{""year"":2010,""points"":0.0,""place"":10,""accumulated_points"":0.0,""num_first_places"":0},{""year"":2011,""points"":0.0,""place"":10,""accumulated_points"":0.0,""num_first_places"":0}]"
206,"[{""year"":2012,""points"":0.0,""place"":10,""accumulated_points"":0.0,""num_first_places"":0},{""year"":2013,""points"":0.0,""place"":10,""accumulated_points"":0.0,""num_first_places"":0},{""year"":2014,""points"":2.0,""place"":9,""accumulated_points"":2.0,""num_first_places"":0}]"
207,"[{""year"":2012,""points"":0.0,""place"":10,""accumulated_points"":0.0,""num_first_places"":0},{""year"":2013,""points"":0.0,""place"":10,""accumulated_points"":0.0,""num_first_places"":0},{""year"":2014,""points"":0.0,""place"":10,""accumulated_points"":0.0,""num_first_places"":0}]"
208,"[{""year"":2012,""points"":303.0,""place"":4,""accumulated_points"":303.0,""num_first_places"":0},{""year"":2013,""points"":315.0,""place"":4,""accumulated_points"":618.0,""num_first_places"":0},{""year"":2014,""points"":10.0,""place"":8,""accumulated_points"":628.0,""num_first_places"":0},{""year"":2015,""points"":78.0,""place"":6,""accumulated_points"":706.0,""num_first_places"":0}]"
209,"[{""year"":2015,""points"":0.0,""place"":10,""accumulated_points"":0.0,""num_first_places"":0},{""year"":2016,""points"":1.0,""place"":11,""accumulated_points"":1.0,""num_first_places"":0}]"
210,"[{""year"":2016,""points"":29.0,""place"":8,""accumulated_points"":29.0,""num_first_places"":0},{""year"":2017,""points"":47.0,""place"":8,""accumulated_points"":76.0,""num_first_places"":0},{""year"":2018,""points"":93.0,""place"":5,""accumulated_points"":169.0,""num_first_places"":0},{""year"":2019,""points"":28.0,""place"":9,""accumulated_points"":197.0,""num_first_places"":0},{""year"":2020,""points"":3.0,""place"":9,""accumulated_points"":200.0,""num_first_places"":0},{""year"":2021,""points"":0.0,""place"":10,""accumulated_points"":200.0,""num_first_places"":0},{""year"":2022,""points"":37.0,""place"":8,""accumulated_points"":237.0,""num_first_places"":0}]"
211,"[{""year"":2019,""points"":73.0,""place"":7,""accumulated_points"":73.0,""num_first_places"":0},{""year"":2020,""points"":195.0,""place"":4,""accumulated_points"":268.0,""num_first_places"":0}]"
213,"[{""year"":2020,""points"":107.0,""place"":7,""accumulated_points"":107.0,""num_first_places"":0},{""year"":2021,""points"":142.0,""place"":6,""accumulated_points"":249.0,""num_first_places"":0},{""year"":2022,""points"":35.0,""place"":9,""accumulated_points"":284.0,""num_first_places"":0}]"
214,"[{""year"":2021,""points"":155.0,""place"":5,""accumulated_points"":155.0,""num_first_places"":0},{""year"":2022,""points"":173.0,""place"":4,""accumulated_points"":328.0,""num_first_places"":0}]"
